rank,kind,file,line,code,name,function,formats,status,initial_status,metadata_verdict,effect_verdict,evidence,text
1,overlay,packages/duel-server/domain-core/multi-scripts/c18654201.lua,12,18654201,Criosphinx,s.regop,"ffa3,ffa4,tag",active,new or changed line,not an operation-info call,confirmed owner discard defect; repaired live result passes on both P61 cores,tests/scenarios/multiplayer/criosphinx.ts,"Duel.RaiseSingleEvent(e:GetHandler(),EVENT_CUSTOM+id,re,r,rp,PLAYER_ALL,mask)"
1,overlay,packages/duel-server/domain-core/multi-scripts/c18654201.lua,17,18654201,Criosphinx,s.hdtg,"ffa3,ffa4,tag",active,new or changed line,accepted; the special-summon group-size gate does not apply,confirmed owner discard defect; repaired live result passes on both P61 cores,tests/scenarios/multiplayer/criosphinx.ts,"Duel.SetOperationInfo(0,CATEGORY_TOGRAVE,nil,1,PLAYER_ALL,LOCATION_HAND)"
1,stock,data/duel-engine-next/card-scripts/official/c21501961.lua,32,21501961,Pair Bear Scare!!,s.target,"ffa3,ffa4,tag",active,active,accepted; no special-summon group-size gate,confirmed defect; repaired live result passes on both P61 cores,tests/scenarios/multiplayer/each-player-lp-responses.ts,"Duel.SetPossibleOperationInfo(0,CATEGORY_RECOVER,nil,0,PLAYER_ALL,2000)"
1,stock,data/duel-engine-next/card-scripts/official/c30270176.lua,114,30270176,Crimson Nova the Dark Cubic Lord,s.damtg,"ffa3,ffa4,tag",active,active,accepted; the special-summon group-size gate does not apply,confirmed defect; repaired live result passes on both P61 cores,tests/scenarios/multiplayer/each-player-lp-simple.ts,"Duel.SetOperationInfo(0,CATEGORY_DAMAGE,nil,0,PLAYER_ALL,3000)"
1,overlay,packages/duel-server/domain-core/multi-scripts/c39900763.lua,23,39900763,Different Dimension Encounter,s.target,"ffa3,ffa4,tag",active,active,accepted; no group object,confirmed Tag defect; repaired live result passes on both P61 cores,tests/scenarios/multiplayer/each-duelist-revival.ts,"Duel.SetOperationInfo(0,CATEGORY_SPECIAL_SUMMON,nil,2,PLAYER_ALL,0)"
1,overlay,packages/duel-server/domain-core/multi-scripts/c43434803.lua,32,43434803,The Shallow Grave,filter,"ffa3,ffa4,tag",active,new or changed line,accepted only if a nonnil exact-special-summon group has two cards; inspect guard or exact group,confirmed Tag defect; repaired live result passes on both P61 cores,tests/scenarios/multiplayer/each-duelist-revival.ts,"Duel.SetOperationInfo(0,CATEGORY_SPECIAL_SUMMON,g,#g,PLAYER_ALL,g:GetFirst():GetOwner())"
1,stock,data/duel-engine-next/card-scripts/official/c47233801.lua,28,47233801,Dark Snake Syndrome,s.damtg,"ffa3,ffa4,tag",active,active,accepted; the special-summon group-size gate does not apply,confirmed defect; repaired live result passes on both P61 cores,tests/scenarios/multiplayer/each-player-lp-triggers.ts,"Duel.SetOperationInfo(0,CATEGORY_DAMAGE,nil,0,PLAYER_ALL,0)"
1,stock,data/duel-engine-next/card-scripts/official/c73443672.lua,62,73443672,Underworld Circle,s.sptg,"ffa3,ffa4,tag",active,active,accepted; no special-summon group-size gate,confirmed defect; see the separate live audit for repaired outcome,tests/scenarios/multiplayer/underworld-circle-standby.ts,"Duel.SetPossibleOperationInfo(0,CATEGORY_SPECIAL_SUMMON,nil,1,PLAYER_ALL,LOCATION_GRAVE)"
1,overlay,packages/duel-server/domain-core/multi-scripts/c84136000.lua,32,84136000,The Grave of Enkindling,filter,"ffa3,ffa4,tag",active,new or changed line,accepted only if a nonnil exact-special-summon group has two cards; inspect guard or exact group,confirmed Tag defect; repaired live result passes on both P61 cores,tests/scenarios/multiplayer/each-duelist-revival.ts,"Duel.SetOperationInfo(0,CATEGORY_SPECIAL_SUMMON,g,#g,PLAYER_ALL,g:GetFirst():GetOwner())"
1,overlay,packages/duel-server/domain-core/multi-scripts/c89405199.lua,46,89405199,Greed,s.damtg,"ffa3,ffa4,tag",active,new or changed line,accepted; the special-summon group-size gate does not apply,confirmed defect; repaired live result passes on both P61 cores,tests/scenarios/multiplayer/player-all-overlay-lp.ts,"Duel.SetOperationInfo(0,CATEGORY_DAMAGE,nil,0,PLAYER_ALL,0)"
1,stock,data/duel-engine-next/card-scripts/official/c94667532.lua,21,94667532,Mecha-Dog Marron,s.damtg,"ffa3,ffa4,tag",active,active,not an operation-info call,confirmed FFA defect and first-fix Tag defect; repaired live result passes on both P61 cores,tests/scenarios/multiplayer/mecha-dog-marron.ts,local p=PLAYER_ALL
1,overlay,packages/duel-server/domain-core/multi-scripts/c94667532.lua,5,94667532,Mecha-Dog Marron,s.damop,"ffa3,ffa4,tag",active,new or changed line,not an operation-info call,confirmed FFA defect and first-fix Tag defect; repaired live result passes on both P61 cores,tests/scenarios/multiplayer/mecha-dog-marron.ts,if p==PLAYER_ALL then
2,stock,data/duel-engine-next/card-scripts/official/c47778083.lua,34,47778083,Bone Temple Block,s.target,"ffa3,ffa4,tag",active,active,accepted only if a nonnil exact-special-summon group has two cards; inspect guard or exact group,LIMITATION: no full card-effect outcome was run in this PLAYER_ALL matrix,source/API review only; no card outcome claimed,"Duel.SetOperationInfo(0,CATEGORY_SPECIAL_SUMMON,g,2,PLAYER_ALL,1-g:GetFirst():GetOwner())"
2,overlay,packages/duel-server/domain-core/multi-scripts/c58551308.lua,17,58551308,Spear Cretin,s.sptg,"ffa3,ffa4,tag",active,new or changed line,accepted only if a nonnil exact-special-summon group has two cards; inspect guard or exact group,LIMITATION: no full card-effect outcome was run in this PLAYER_ALL matrix,existing scenario files (not proof of this row): spear-cretin,"Duel.SetOperationInfo(0,CATEGORY_SPECIAL_SUMMON,g,#g,PLAYER_ALL,g:GetFirst():GetOwner())"
3,overlay,packages/duel-server/domain-core/multi-scripts/c2139640.lua,18,2139640,Amabie,s.initial_effect,"ffa3,ffa4,tag",active,active,accepted; the special-summon group-size gate does not apply,live result passes on both P61 cores,tests/scenarios/multiplayer/player-all-overlay-lp.ts,"Duel.SetOperationInfo(0,CATEGORY_RECOVER,nil,0,PLAYER_ALL,300)end)"
3,stock,data/duel-engine-next/card-scripts/official/c3064425.lua,82,3064425,Superheavy Samurai Soulbang Cannon,s.negtg,"ffa3,ffa4,tag",active,active,accepted; the special-summon group-size gate does not apply,live result passes on both P61 cores,tests/scenarios/multiplayer/each-player-lp-responses.ts,"Duel.SetOperationInfo(0,CATEGORY_DAMAGE,nil,0,PLAYER_ALL,1000)"
3,stock,data/duel-engine-next/card-scripts/official/c4807253.lua,80,4807253,Performage Flame Eater,s.damtg,"ffa3,ffa4,tag",active,active,accepted; the special-summon group-size gate does not apply,live result passes on both P61 cores,tests/scenarios/multiplayer/each-player-lp-simple.ts,"Duel.SetOperationInfo(0,CATEGORY_DAMAGE,nil,0,PLAYER_ALL,500)"
3,stock,data/duel-engine-next/card-scripts/official/c6783559.lua,29,6783559,Self-Destruct Ant,s.target,"ffa3,ffa4,tag",active,active,accepted; the special-summon group-size gate does not apply,live result passes on both P61 cores,tests/scenarios/multiplayer/each-player-lp-simple.ts,"Duel.SetOperationInfo(0,CATEGORY_DAMAGE,nil,0,PLAYER_ALL,1000)"
3,stock,data/duel-engine-next/card-scripts/official/c6909330.lua,56,6909330,Soul Binding Gate,s.destg,"ffa3,ffa4,tag",active,active,accepted; the special-summon group-size gate does not apply,live result passes on both P61 cores,tests/scenarios/multiplayer/player-all-lp-pairs.ts,"Duel.SetOperationInfo(0,CATEGORY_DAMAGE,nil,0,PLAYER_ALL,800)"
3,stock,data/duel-engine-next/card-scripts/official/c7852509.lua,45,7852509,Loop of Destruction,s.destg,"ffa3,ffa4,tag",active,active,accepted; the special-summon group-size gate does not apply,live result passes on both P61 cores,tests/scenarios/multiplayer/each-player-lp-responses.ts,"Duel.SetOperationInfo(0,CATEGORY_DAMAGE,nil,0,PLAYER_ALL,500)"
3,stock,data/duel-engine-next/card-scripts/official/c12694768.lua,21,12694768,Abaki,s.target,"ffa3,ffa4,tag",active,active,accepted; the special-summon group-size gate does not apply,live result passes on both P61 cores,tests/scenarios/multiplayer/each-player-lp-simple.ts,"Duel.SetOperationInfo(0,CATEGORY_DAMAGE,nil,0,PLAYER_ALL,500)"
3,stock,data/duel-engine-next/card-scripts/official/c14989021.lua,34,14989021,"Simorgh, Bird of Divinity",s.damtg,"ffa3,ffa4,tag",active,active,accepted; the special-summon group-size gate does not apply,live result passes on both P61 cores,tests/scenarios/multiplayer/each-player-lp-amounts.ts,"Duel.SetOperationInfo(0,CATEGORY_DAMAGE,nil,0,PLAYER_ALL,0)"
3,stock,data/duel-engine-next/card-scripts/official/c18271561.lua,28,18271561,Chthonian Blast,s.target,"ffa3,ffa4,tag",active,active,accepted; the special-summon group-size gate does not apply,live result passes on both P61 cores,tests/scenarios/multiplayer/each-player-lp-triggers.ts,"Duel.SetOperationInfo(0,CATEGORY_DAMAGE,nil,0,PLAYER_ALL,0)"
3,stock,data/duel-engine-next/card-scripts/official/c20686759.lua,27,20686759,Morphtronic Rusty Engine,s.damtg,"ffa3,ffa4,tag",active,active,accepted; the special-summon group-size gate does not apply,live result passes on both P61 cores,tests/scenarios/multiplayer/each-player-lp-triggers.ts,"Duel.SetOperationInfo(0,CATEGORY_DAMAGE,nil,0,PLAYER_ALL,dam)"
3,stock,data/duel-engine-next/card-scripts/official/c20985997.lua,25,20985997,"Detonator Circle ""A""",s.target,"ffa3,ffa4,tag",active,active,accepted; the special-summon group-size gate does not apply,live result passes on both P61 cores,tests/scenarios/multiplayer/each-player-lp-triggers.ts,"Duel.SetOperationInfo(0,CATEGORY_DAMAGE,nil,0,PLAYER_ALL,1000)"
3,stock,data/duel-engine-next/card-scripts/official/c21219755.lua,24,21219755,Destruction Ring,s.target,"ffa3,ffa4,tag",active,active,accepted; the special-summon group-size gate does not apply,live result passes on both P61 cores,tests/scenarios/multiplayer/each-player-lp-triggers.ts,"Duel.SetOperationInfo(0,CATEGORY_DAMAGE,nil,0,PLAYER_ALL,1000)"
3,stock,data/duel-engine-next/card-scripts/official/c26273196.lua,29,26273196,Time Wizard of Tomorrow,s.destg,"ffa3,ffa4,tag",active,active,accepted; the special-summon group-size gate does not apply,live result passes on both P61 cores,tests/scenarios/multiplayer/player-all-lp-pairs.ts,"Duel.SetOperationInfo(0,CATEGORY_DAMAGE,nil,0,PLAYER_ALL,g:Filter(Card.IsFaceup,nil):GetSum(Card.GetBaseAttack))"
3,stock,data/duel-engine-next/card-scripts/official/c29599813.lua,31,29599813,Purrely Pretty Memory,s.target,"ffa3,ffa4,tag",active,active,accepted; the special-summon group-size gate does not apply,live result passes on both P61 cores,tests/scenarios/multiplayer/each-player-lp-simple.ts,"Duel.SetOperationInfo(0,CATEGORY_RECOVER,nil,0,PLAYER_ALL,1000)"
3,stock,data/duel-engine-next/card-scripts/official/c29716911.lua,59,29716911,Capacitor Stalker,s.damtg,"ffa3,ffa4,tag",active,active,accepted; the special-summon group-size gate does not apply,live result passes on both P61 cores,tests/scenarios/multiplayer/each-player-lp-simple.ts,"Duel.SetOperationInfo(0,CATEGORY_DAMAGE,nil,0,PLAYER_ALL,800)"
3,stock,data/duel-engine-next/card-scripts/official/c31353051.lua,40,31353051,Exploderokket Dragon,s.destg,"ffa3,ffa4,tag",active,active,accepted; the special-summon group-size gate does not apply,live result passes on both P61 cores,tests/scenarios/multiplayer/each-player-lp-responses.ts,"Duel.SetOperationInfo(0,CATEGORY_DAMAGE,nil,0,PLAYER_ALL,2000)"
3,overlay,packages/duel-server/domain-core/multi-scripts/c32835363.lua,29,32835363,Cracking,s.regop,"ffa3,ffa4,tag",active,active,not an operation-info call,live result passes on both P61 cores,tests/scenarios/multiplayer/player-all-overlay-lp.ts,"Duel.RaiseSingleEvent(e:GetHandler(),EVENT_CUSTOM+id,e,0,tp,PLAYER_ALL,e:GetLabel())"
3,overlay,packages/duel-server/domain-core/multi-scripts/c32835363.lua,34,32835363,Cracking,s.damtg,"ffa3,ffa4,tag",active,active,accepted; the special-summon group-size gate does not apply,live result passes on both P61 cores,tests/scenarios/multiplayer/player-all-overlay-lp.ts,"Duel.SetOperationInfo(0,CATEGORY_DAMAGE,0,0,PLAYER_ALL,800)"
3,stock,data/duel-engine-next/card-scripts/official/c34004470.lua,59,34004470,The Big Saturn,s.damtg,"ffa3,ffa4,tag",active,active,accepted; the special-summon group-size gate does not apply,live result passes on both P61 cores,tests/scenarios/multiplayer/each-player-lp-simple.ts,"Duel.SetOperationInfo(0,CATEGORY_DAMAGE,nil,0,PLAYER_ALL,dam)"
3,stock,data/duel-engine-next/card-scripts/official/c34449261.lua,45,34449261,Fusion Fright Waltz,s.target,"ffa3,ffa4,tag",active,active,accepted; the special-summon group-size gate does not apply,live result passes on both P61 cores,tests/scenarios/multiplayer/each-player-lp-amounts.ts,"Duel.SetOperationInfo(0,CATEGORY_DAMAGE,nil,0,PLAYER_ALL,dam)"
3,stock,data/duel-engine-next/card-scripts/official/c35842855.lua,50,35842855,Pyrorex the Elemental Lord,s.destg,"ffa3,ffa4,tag",active,active,accepted; the special-summon group-size gate does not apply,live result passes on both P61 cores,tests/scenarios/multiplayer/each-player-lp-triggers.ts,"Duel.SetOperationInfo(0,CATEGORY_DAMAGE,nil,0,PLAYER_ALL,0)"
3,stock,data/duel-engine-next/card-scripts/official/c37780349.lua,35,37780349,Destiny HERO - Dynatag,s.dmtg,"ffa3,ffa4,tag",active,active,accepted; the special-summon group-size gate does not apply,live result passes on both P61 cores,tests/scenarios/multiplayer/each-player-lp-responses.ts,"Duel.SetOperationInfo(0,CATEGORY_DAMAGE,nil,0,PLAYER_ALL,1000)"
3,overlay,packages/duel-server/domain-core/multi-scripts/c38522377.lua,25,38522377,Meklord Astro Dragon Asterisk,s.damtg,"ffa3,ffa4,tag",active,active,accepted; the special-summon group-size gate does not apply,live result passes on both P61 cores,tests/scenarios/multiplayer/player-all-overlay-lp.ts,"Duel.SetOperationInfo(0,CATEGORY_DAMAGE,nil,0,PLAYER_ALL,1000)"
3,stock,data/duel-engine-next/card-scripts/official/c39767432.lua,52,39767432,Sorcerer of Sebek,s.damtg,"ffa3,ffa4,tag",active,active,accepted; the special-summon group-size gate does not apply,live result passes on both P61 cores,tests/scenarios/multiplayer/each-player-lp-simple.ts,"Duel.SetOperationInfo(0,CATEGORY_DAMAGE,nil,0,PLAYER_ALL,1000)"
3,stock,data/duel-engine-next/card-scripts/official/c46089249.lua,33,46089249,Koa'ki Ring,s.target,"ffa3,ffa4,tag",active,active,accepted; the special-summon group-size gate does not apply,live result passes on both P61 cores,tests/scenarios/multiplayer/each-player-lp-triggers.ts,"Duel.SetOperationInfo(0,CATEGORY_DAMAGE,nil,0,PLAYER_ALL,1000)"
3,stock,data/duel-engine-next/card-scripts/official/c46918794.lua,16,46918794,Tremendous Fire,s.target,"ffa3,ffa4,tag",active,active,accepted; the special-summon group-size gate does not apply,live result passes on both P61 cores,tests/scenarios/multiplayer/player-all-lp-pairs.ts,"Duel.SetOperationInfo(0,CATEGORY_DAMAGE,nil,0,PLAYER_ALL,500)"
3,stock,data/duel-engine-next/card-scripts/official/c49407319.lua,50,49407319,Star Mine,s.damtg1,"ffa3,ffa4,tag",active,active,accepted; the special-summon group-size gate does not apply,live result passes on both P61 cores,tests/scenarios/multiplayer/player-all-lp-pairs.ts,"Duel.SetOperationInfo(0,CATEGORY_DAMAGE,nil,0,PLAYER_ALL,2000)"
3,stock,data/duel-engine-next/card-scripts/official/c49407319.lua,69,49407319,Star Mine,s.damtg2,"ffa3,ffa4,tag",active,active,accepted; the special-summon group-size gate does not apply,live result passes on both P61 cores,tests/scenarios/multiplayer/player-all-lp-pairs.ts,"Duel.SetOperationInfo(0,CATEGORY_DAMAGE,nil,0,PLAYER_ALL,2000)"
3,stock,data/duel-engine-next/card-scripts/official/c58071123.lua,21,58071123,Oxygeddon,s.damtg,"ffa3,ffa4,tag",active,active,accepted; the special-summon group-size gate does not apply,live result passes on both P61 cores,tests/scenarios/multiplayer/each-player-lp-simple.ts,"Duel.SetOperationInfo(0,CATEGORY_DAMAGE,nil,0,PLAYER_ALL,800)"
3,stock,data/duel-engine-next/card-scripts/official/c63378869.lua,59,63378869,Aiza the Dragoness of Deranged Devotion,s.destg,"ffa3,ffa4,tag",active,active,accepted; the special-summon group-size gate does not apply,live result passes on both P61 cores,tests/scenarios/multiplayer/each-player-lp-responses.ts,"Duel.SetOperationInfo(0,CATEGORY_DAMAGE,nil,1,PLAYER_ALL,bc:GetBaseAttack())"
3,stock,data/duel-engine-next/card-scripts/official/c65430834.lua,23,65430834,Jurassic Impact,s.target,"ffa3,ffa4,tag",active,active,accepted; the special-summon group-size gate does not apply,live result passes on both P61 cores,tests/scenarios/multiplayer/player-all-lp-pairs.ts,"Duel.SetOperationInfo(0,CATEGORY_DAMAGE,nil,0,PLAYER_ALL,#g*1000)"
3,stock,data/duel-engine-next/card-scripts/official/c66719324.lua,16,66719324,Rain of Mercy,s.target,"ffa3,ffa4,tag",active,active,accepted; the special-summon group-size gate does not apply,live result passes on both P61 cores,tests/scenarios/multiplayer/each-player-lp-simple.ts,"Duel.SetOperationInfo(0,CATEGORY_RECOVER,nil,0,PLAYER_ALL,1000)"
3,stock,data/duel-engine-next/card-scripts/official/c71782404.lua,26,71782404,Red-Eyes Burn,s.target,"ffa3,ffa4,tag",active,active,accepted; the special-summon group-size gate does not apply,live result passes on both P61 cores,tests/scenarios/multiplayer/each-player-lp-triggers.ts,"Duel.SetOperationInfo(0,CATEGORY_DAMAGE,0,0,PLAYER_ALL,g:GetFirst():GetBaseAttack())"
3,stock,data/duel-engine-next/card-scripts/official/c73507661.lua,23,73507661,Fairy Wind,s.target,"ffa3,ffa4,tag",active,active,accepted; the special-summon group-size gate does not apply,live result passes on both P61 cores,tests/scenarios/multiplayer/each-player-lp-triggers.ts,"Duel.SetOperationInfo(0,CATEGORY_DAMAGE,nil,0,PLAYER_ALL,#sg*300)"
3,stock,data/duel-engine-next/card-scripts/official/c75797046.lua,24,75797046,Photon Alexandra Queen,s.rettg,"ffa3,ffa4,tag",active,active,accepted; the special-summon group-size gate does not apply,live result passes on both P61 cores,tests/scenarios/multiplayer/each-player-lp-amounts.ts,"Duel.SetOperationInfo(0,CATEGORY_DAMAGE,nil,0,PLAYER_ALL,0)"
3,stock,data/duel-engine-next/card-scripts/official/c76004142.lua,35,76004142,Bad Luck Blast,s.target,"ffa3,ffa4,tag",active,active,accepted; the special-summon group-size gate does not apply,live result passes on both P61 cores,tests/scenarios/multiplayer/player-all-lp-pairs.ts,"Duel.SetOperationInfo(0,CATEGORY_DAMAGE,nil,0,PLAYER_ALL,0)"
3,stock,data/duel-engine-next/card-scripts/official/c81143465.lua,43,81143465,Tragic Twin Twined Jewels,s.destg,"ffa3,ffa4,tag",active,active,accepted; the special-summon group-size gate does not apply,live result passes on both P61 cores,tests/scenarios/multiplayer/player-all-lp-pairs.ts,"Duel.SetOperationInfo(0,CATEGORY_DAMAGE,nil,0,PLAYER_ALL,tg:GetSum(Card.GetBaseAttack))"
3,stock,data/duel-engine-next/card-scripts/official/c83555666.lua,31,83555666,Ring of Destruction,s.target,tag,active,active,accepted; the special-summon group-size gate does not apply,live result passes on both P61 cores,tests/scenarios/multiplayer/player-all-lp-pairs.ts,"Duel.SetOperationInfo(0,CATEGORY_DAMAGE,nil,0,PLAYER_ALL,0)"
3,stock,data/duel-engine-next/card-scripts/official/c83819309.lua,44,83819309,Cooling Embers,s.lptg,"ffa3,ffa4,tag",active,active,accepted; the special-summon group-size gate does not apply,live result passes on both P61 cores,tests/scenarios/multiplayer/player-all-lp-pairs.ts,"Duel.SetOperationInfo(0,CATEGORY_RECOVER,nil,0,PLAYER_ALL,1000)"
3,stock,data/duel-engine-next/card-scripts/official/c83888009.lua,43,83888009,Rebirth of the Seventh Emperors,s.target,"ffa3,ffa4,tag",active,active,accepted; no special-summon group-size gate,live result passes on both P61 cores,tests/scenarios/multiplayer/rebirth-emperors.ts,"Duel.SetPossibleOperationInfo(0,CATEGORY_DAMAGE,nil,0,PLAYER_ALL,300)"
3,stock,data/duel-engine-next/card-scripts/official/c86209650.lua,21,86209650,Stray Asmodian,s.target,"ffa3,ffa4,tag",active,active,accepted; the special-summon group-size gate does not apply,live result passes on both P61 cores,tests/scenarios/multiplayer/each-player-lp-simple.ts,"Duel.SetOperationInfo(0,CATEGORY_RECOVER,nil,0,PLAYER_ALL,800)"
3,stock,data/duel-engine-next/card-scripts/official/c89693655.lua,23,89693655,Subspace Battle,s.target,"ffa3,ffa4,tag",active,active,accepted; no special-summon group-size gate,live result passes on both P61 cores,tests/scenarios/multiplayer/player-all-lp-pairs.ts,"Duel.SetPossibleOperationInfo(0,CATEGORY_TOHAND,nil,1,PLAYER_ALL,LOCATION_DECK)"
3,stock,data/duel-engine-next/card-scripts/official/c89693655.lua,24,89693655,Subspace Battle,s.target,"ffa3,ffa4,tag",active,active,accepted; no special-summon group-size gate,live result passes on both P61 cores,tests/scenarios/multiplayer/player-all-lp-pairs.ts,"Duel.SetPossibleOperationInfo(0,CATEGORY_DESTROY,nil,1,PLAYER_ALL,LOCATION_DECK)"
3,stock,data/duel-engine-next/card-scripts/official/c89693655.lua,25,89693655,Subspace Battle,s.target,"ffa3,ffa4,tag",active,active,accepted; no special-summon group-size gate,live result passes on both P61 cores,tests/scenarios/multiplayer/player-all-lp-pairs.ts,"Duel.SetPossibleOperationInfo(0,CATEGORY_DAMAGE,nil,0,PLAYER_ALL,500)"
3,stock,data/duel-engine-next/card-scripts/official/c89719143.lua,30,89719143,Final Fusion,s.target,"ffa3,ffa4,tag",active,active,accepted; the special-summon group-size gate does not apply,live result passes on both P61 cores,tests/scenarios/multiplayer/each-player-lp-responses.ts,"Duel.SetOperationInfo(0,CATEGORY_DAMAGE,nil,0,PLAYER_ALL,dam)"
3,stock,data/duel-engine-next/card-scripts/official/c93469007.lua,29,93469007,Assault Overload,s.target,"ffa3,ffa4,tag",active,active,accepted; the special-summon group-size gate does not apply,live result passes on both P61 cores,tests/scenarios/multiplayer/each-player-lp-triggers.ts,"Duel.SetOperationInfo(0,CATEGORY_DAMAGE,nil,0,PLAYER_ALL,e:GetLabel())"
3,overlay,packages/duel-server/domain-core/multi-scripts/c93671934.lua,28,93671934,Morale Boost,s.rectg,"ffa3,ffa4,tag",active,active,accepted; the special-summon group-size gate does not apply,live result passes on both P61 cores,tests/scenarios/multiplayer/player-all-overlay-lp.ts,"Duel.SetOperationInfo(0,CATEGORY_RECOVER,nil,0,PLAYER_ALL,1000)"
3,overlay,packages/duel-server/domain-core/multi-scripts/c93671934.lua,41,93671934,Morale Boost,s.damtg,"ffa3,ffa4,tag",active,active,accepted; the special-summon group-size gate does not apply,live result passes on both P61 cores,tests/scenarios/multiplayer/player-all-overlay-lp.ts,"Duel.SetOperationInfo(0,CATEGORY_DAMAGE,nil,0,PLAYER_ALL,1000)"
4,overlay,packages/duel-server/domain-core/multi-scripts/c50755.lua,7,50755,Magician's Circle,s.target,"ffa3,ffa4,tag",active,active,accepted; no group object,LIMITATION: no full card-effect outcome was run in this PLAYER_ALL matrix,source/API review only; no card outcome claimed,"Duel.SetOperationInfo(0,CATEGORY_SPECIAL_SUMMON,nil,1,PLAYER_ALL,LOCATION_DECK)"
4,stock,data/duel-engine-next/card-scripts/official/c744887.lua,38,744887,"Utgarda, Generaider Boss of Delusion",s.target,"ffa3,ffa4,tag",active,active,accepted; the special-summon group-size gate does not apply,LIMITATION: no full card-effect outcome was run in this PLAYER_ALL matrix,source/API review only; no card outcome claimed,"Duel.SetOperationInfo(0,CATEGORY_REMOVE,nil,1,PLAYER_ALL,LOCATION_ONFIELD)"
4,overlay,packages/duel-server/domain-core/multi-scripts/c2665273.lua,6,2665273,"Jormungandr, Generaider Boss of Eternity",s.target,"ffa3,ffa4,tag",active,active,accepted; the special-summon group-size gate does not apply,LIMITATION: no full card-effect outcome was run in this PLAYER_ALL matrix,existing scenario files (not proof of this row): gaps-r1,"Duel.SetOperationInfo(0,CATEGORY_DRAW,nil,0,PLAYER_ALL,1)"
4,stock,data/duel-engine-next/card-scripts/official/c3055837.lua,21,3055837,Trap of Board Eraser,s.condition,"ffa3,ffa4,tag",active,active,not an operation-info call,LIMITATION: no full card-effect outcome was run in this PLAYER_ALL matrix,source/API review only; no card outcome claimed,"if cp~=PLAYER_ALL then return Duel.IsPlayerAffectedByEffect(cp,EFFECT_REVERSE_RECOVER)"
4,stock,data/duel-engine-next/card-scripts/official/c3549275.lua,16,3549275,Dice Jar,s.target,"ffa3,ffa4,tag",active,active,accepted; the special-summon group-size gate does not apply,LIMITATION: no full card-effect outcome was run in this PLAYER_ALL matrix,existing scenario files (not proof of this row): late-cards,"Duel.SetOperationInfo(0,CATEGORY_DICE,nil,0,PLAYER_ALL,1)"
4,stock,data/duel-engine-next/card-scripts/official/c3758046.lua,37,3758046,D/D/D Wave King Caesar,s.regtg,"ffa3,ffa4,tag",active,active,accepted; no special-summon group-size gate,LIMITATION: no full card-effect outcome was run in this PLAYER_ALL matrix,source/API review only; no card outcome claimed,"Duel.SetPossibleOperationInfo(0,CATEGORY_SPECIAL_SUMMON,nil,1,PLAYER_ALL,LOCATION_GRAVE)"
4,overlay,packages/duel-server/domain-core/multi-scripts/c5611760.lua,16,5611760,Rainbow Bridge of Salvation,s.tdtg,"ffa3,ffa4,tag",active,active,accepted; the special-summon group-size gate does not apply,LIMITATION: no full card-effect outcome was run in this PLAYER_ALL matrix,source/API review only; no card outcome claimed,"Duel.SetOperationInfo(0,CATEGORY_DRAW,nil,0,PLAYER_ALL,5)"
4,stock,data/duel-engine-next/card-scripts/official/c7020743.lua,58,7020743,Tantrum Toddler,s.atchtg,"ffa3,ffa4,tag",active,active,accepted; the special-summon group-size gate does not apply,LIMITATION: no full card-effect outcome was run in this PLAYER_ALL matrix,source/API review only; no card outcome claimed,"Duel.SetOperationInfo(0,CATEGORY_LEAVE_GRAVE,nil,1,PLAYER_ALL,LOCATION_GRAVE)"
4,stock,data/duel-engine-next/card-scripts/official/c8080257.lua,39,8080257,Flame Swordsdance,s.exsptg,"ffa3,ffa4,tag",active,active,accepted; no special-summon group-size gate,LIMITATION: no full card-effect outcome was run in this PLAYER_ALL matrix,source/API review only; no card outcome claimed,"Duel.SetPossibleOperationInfo(0,CATEGORY_POSITION,nil,1,PLAYER_ALL,POS_FACEDOWN_DEFENSE)"
4,stock,data/duel-engine-next/card-scripts/official/c8728498.lua,48,8728498,"Donner, Dagger Fur Hire",s.destg,"ffa3,ffa4,tag",active,active,accepted; the special-summon group-size gate does not apply,LIMITATION: no full card-effect outcome was run in this PLAYER_ALL matrix,source/API review only; no card outcome claimed,"Duel.SetOperationInfo(0,CATEGORY_DESTROY,dg,2,PLAYER_ALL,LOCATION_MZONE)"
4,stock,data/duel-engine-next/card-scripts/official/c8841431.lua,54,8841431,Centur-Ion Primera Primus,s.thtg,"ffa3,ffa4,tag",active,active,accepted; no special-summon group-size gate,LIMITATION: no full card-effect outcome was run in this PLAYER_ALL matrix,source/API review only; no card outcome claimed,"Duel.SetPossibleOperationInfo(0,CATEGORY_DESTROY,nil,2,PLAYER_ALL,LOCATION_ONFIELD)"
4,overlay,packages/duel-server/domain-core/multi-scripts/c9418365.lua,6,9418365,Bujin Hirume,s.hdtg,"ffa3,ffa4,tag",active,active,accepted; the special-summon group-size gate does not apply,LIMITATION: no full card-effect outcome was run in this PLAYER_ALL matrix,source/API review only; no card outcome claimed,"Duel.SetOperationInfo(0,CATEGORY_HANDES,nil,0,PLAYER_ALL,1)"
4,stock,data/duel-engine-next/card-scripts/official/c9627468.lua,59,9627468,Humongous Hive Hegemon - Zexstagger,s.sptg,"ffa3,ffa4,tag",active,active,accepted; no special-summon group-size gate,LIMITATION: no full card-effect outcome was run in this PLAYER_ALL matrix,source/API review only; no card outcome claimed,"Duel.SetPossibleOperationInfo(0,CATEGORY_SPECIAL_SUMMON,nil,1,PLAYER_ALL,LOCATION_HAND|LOCATION_GRAVE)"
4,stock,data/duel-engine-next/card-scripts/official/c10000090.lua,76,10000090,The Winged Dragon of Ra - Immortal Phoenix,s.tgtg,"ffa3,ffa4,tag",active,active,accepted; the special-summon group-size gate does not apply,LIMITATION: no full card-effect outcome was run in this PLAYER_ALL matrix,source/API review only; no card outcome claimed,"Duel.SetOperationInfo(0,CATEGORY_TOGRAVE,nil,1,PLAYER_ALL,LOCATION_MZONE)"
4,stock,data/duel-engine-next/card-scripts/official/c10019086.lua,62,10019086,Tri-Brigade Arms Bucephalus II,s.rmtg,"ffa3,ffa4,tag",active,active,accepted; the special-summon group-size gate does not apply,LIMITATION: no full card-effect outcome was run in this PLAYER_ALL matrix,source/API review only; no card outcome claimed,"Duel.SetOperationInfo(0,CATEGORY_REMOVE,g,#g,PLAYER_ALL,LOCATION_ONFIELD)"
4,stock,data/duel-engine-next/card-scripts/official/c11035075.lua,108,11035075,Shichi-Go-San,s.tgtg,"ffa3,ffa4,tag",active,active,accepted; the special-summon group-size gate does not apply,LIMITATION: no full card-effect outcome was run in this PLAYER_ALL matrix,source/API review only; no card outcome claimed,"Duel.SetOperationInfo(0,CATEGORY_TOGRAVE,nil,ct,PLAYER_ALL,LOCATION_ONFIELD)"
4,stock,data/duel-engine-next/card-scripts/official/c11808215.lua,45,11808215,Dice Dungeon,s.dicetg,"ffa3,ffa4,tag",active,active,accepted; the special-summon group-size gate does not apply,LIMITATION: no full card-effect outcome was run in this PLAYER_ALL matrix,source/API review only; no card outcome claimed,"Duel.SetOperationInfo(0,CATEGORY_DICE,nil,1,PLAYER_ALL,0)"
4,stock,data/duel-engine-next/card-scripts/official/c12197223.lua,42,12197223,"Shiina, Twin Tempests of Celestial Thunder",s.sptg,"ffa3,ffa4,tag",active,active,accepted; the special-summon group-size gate does not apply,LIMITATION: no full card-effect outcome was run in this PLAYER_ALL matrix,source/API review only; no card outcome claimed,"Duel.SetOperationInfo(0,CATEGORY_TOHAND,nil,1,PLAYER_ALL,LOCATION_ONFIELD)"
4,stock,data/duel-engine-next/card-scripts/official/c13117073.lua,64,13117073,Barricadeborg Blocker,s.thop,"ffa3,ffa4,tag",active,active,not an operation-info call,LIMITATION: no full card-effect outcome was run in this PLAYER_ALL matrix,source/API review only; no card outcome claimed,"Duel.Hint(HINT_CARD,PLAYER_ALL,id)"
4,stock,data/duel-engine-next/card-scripts/official/c13291886.lua,47,13291886,Vaylantz Dominator Duke,s.spcon,"ffa3,ffa4,tag",active,active,not an operation-info call,LIMITATION: no full card-effect outcome was run in this PLAYER_ALL matrix,source/API review only; no card outcome claimed,"return Duel.IsEnvironment(CARD_VALIANTS_KOENIGWISSEN,PLAYER_ALL,LOCATION_FZONE)"
4,stock,data/duel-engine-next/card-scripts/official/c13995824.lua,24,13995824,Voltic Bicorn,s.ddtg,"ffa3,ffa4,tag",active,active,accepted; the special-summon group-size gate does not apply,LIMITATION: no full card-effect outcome was run in this PLAYER_ALL matrix,source/API review only; no card outcome claimed,"Duel.SetOperationInfo(0,CATEGORY_DECKDES,0,0,PLAYER_ALL,7)"
4,stock,data/duel-engine-next/card-scripts/official/c14146794.lua,51,14146794,Donyoribo @Ignister,s.damcon,"ffa3,ffa4,tag",active,active,not an operation-info call,LIMITATION: no full card-effect outcome was run in this PLAYER_ALL matrix,source/API review only; no card outcome claimed,"if ex and (cp==p or p==PLAYER_ALL) and not rd and not Duel.IsPlayerAffectedByEffect(p,EFFECT_NO_EFFECT_DAMAGE) then"
4,stock,data/duel-engine-next/card-scripts/official/c14146794.lua,55,14146794,Donyoribo @Ignister,s.damcon,"ffa3,ffa4,tag",active,active,not an operation-info call,LIMITATION: no full card-effect outcome was run in this PLAYER_ALL matrix,source/API review only; no card outcome claimed,"if ex and (p==tp or p==PLAYER_ALL) and rr and not Duel.IsPlayerAffectedByEffect(p,EFFECT_NO_EFFECT_DAMAGE) then"
4,stock,data/duel-engine-next/card-scripts/official/c14220547.lua,47,14220547,Branded in Central Dogmatika,s.gytg,"ffa3,ffa4,tag",active,active,accepted; the special-summon group-size gate does not apply,LIMITATION: no full card-effect outcome was run in this PLAYER_ALL matrix,source/API review only; no card outcome claimed,"Duel.SetOperationInfo(0,CATEGORY_TOGRAVE,nil,1,PLAYER_ALL,LOCATION_EXTRA)"
4,stock,data/duel-engine-next/card-scripts/official/c16433136.lua,43,16433136,Mikanko Purification Dance,s.thtg,"ffa3,ffa4,tag",active,active,accepted; the special-summon group-size gate does not apply,LIMITATION: no full card-effect outcome was run in this PLAYER_ALL matrix,source/API review only; no card outcome claimed,"Duel.SetOperationInfo(0,CATEGORY_TOHAND,tg,2,PLAYER_ALL,LOCATION_MZONE)"
4,stock,data/duel-engine-next/card-scripts/official/c16435215.lua,23,16435215,Dragged Down into the Grave,s.target,"ffa3,ffa4,tag",active,active,accepted; the special-summon group-size gate does not apply,LIMITATION: no full card-effect outcome was run in this PLAYER_ALL matrix,source/API review only; no card outcome claimed,"Duel.SetOperationInfo(0,CATEGORY_HANDES,nil,0,PLAYER_ALL,1)"
4,stock,data/duel-engine-next/card-scripts/official/c16435215.lua,24,16435215,Dragged Down into the Grave,s.target,"ffa3,ffa4,tag",active,active,accepted; the special-summon group-size gate does not apply,LIMITATION: no full card-effect outcome was run in this PLAYER_ALL matrix,source/API review only; no card outcome claimed,"Duel.SetOperationInfo(0,CATEGORY_DRAW,nil,0,PLAYER_ALL,1)"
4,stock,data/duel-engine-next/card-scripts/official/c16832845.lua,51,16832845,Final Geas,s.target,"ffa3,ffa4,tag",active,active,accepted; the special-summon group-size gate does not apply,LIMITATION: no full card-effect outcome was run in this PLAYER_ALL matrix,existing scenario files (not proof of this row): seats-r2,"Duel.SetOperationInfo(0,CATEGORY_REMOVE,g,#g,PLAYER_ALL,LOCATION_GRAVE)"
4,stock,data/duel-engine-next/card-scripts/official/c16893370.lua,73,16893370,"Dreaming Reality of Nemleria, Realized",s.efftg,"ffa3,ffa4,tag",active,active,accepted; the special-summon group-size gate does not apply,LIMITATION: no full card-effect outcome was run in this PLAYER_ALL matrix,source/API review only; no card outcome claimed,"Duel.SetOperationInfo(0,CATEGORY_POSITION,nil,1,PLAYER_ALL,POS_FACEDOWN_DEFENSE)"
4,stock,data/duel-engine-next/card-scripts/official/c17032740.lua,36,17032740,Elemental HERO Chaos Neos,s.retinfo,"ffa3,ffa4,tag",active,active,accepted; the special-summon group-size gate does not apply,LIMITATION: no full card-effect outcome was run in this PLAYER_ALL matrix,source/API review only; no card outcome claimed,"Duel.SetOperationInfo(0,CATEGORY_POSITION,nil,1,PLAYER_ALL,POS_FACEDOWN_DEFENSE)"
4,stock,data/duel-engine-next/card-scripts/official/c17885118.lua,48,17885118,Pendulum Scale,s.target,"ffa3,ffa4,tag",active,active,accepted; the special-summon group-size gate does not apply,LIMITATION: no full card-effect outcome was run in this PLAYER_ALL matrix,source/API review only; no card outcome claimed,"Duel.SetOperationInfo(0,CATEGORY_DESTROY,g,2,PLAYER_ALL,LOCATION_ONFIELD)"
4,stock,data/duel-engine-next/card-scripts/official/c18969888.lua,65,18969888,Sangenpai Transcendent Dragion,s.postg,"ffa3,ffa4,tag",active,active,accepted; the special-summon group-size gate does not apply,LIMITATION: no full card-effect outcome was run in this PLAYER_ALL matrix,existing scenario files (not proof of this row): r2-nochange,"Duel.SetOperationInfo(0,CATEGORY_POSITION,g,#g,PLAYER_ALL,POS_FACEUP_ATTACK)"
4,stock,data/duel-engine-next/card-scripts/official/c19420830.lua,33,19420830,Cataclysmic Cryonic Coldo,s.target,"ffa3,ffa4,tag",active,active,accepted; the special-summon group-size gate does not apply,LIMITATION: no full card-effect outcome was run in this PLAYER_ALL matrix,source/API review only; no card outcome claimed,"Duel.SetOperationInfo(0,CATEGORY_TODECK,nil,0,PLAYER_ALL,LOCATION_ONFIELD)"
4,overlay,packages/duel-server/domain-core/multi-scripts/c21496848.lua,9,21496848,Evigishki Tetrogre,s.target,"ffa3,ffa4,tag",active,active,accepted; no special-summon group-size gate,LIMITATION: no full card-effect outcome was run in this PLAYER_ALL matrix,source/API review only; no card outcome claimed,"Duel.SetPossibleOperationInfo(0,CATEGORY_HANDES,nil,0,PLAYER_ALL,1)"
4,overlay,packages/duel-server/domain-core/multi-scripts/c21496848.lua,10,21496848,Evigishki Tetrogre,s.target,"ffa3,ffa4,tag",active,active,accepted; no special-summon group-size gate,LIMITATION: no full card-effect outcome was run in this PLAYER_ALL matrix,source/API review only; no card outcome claimed,"Duel.SetPossibleOperationInfo(0,CATEGORY_TOGRAVE,nil,1,PLAYER_ALL,LOCATION_DECK)"
4,stock,data/duel-engine-next/card-scripts/official/c22082432.lua,79,22082432,Dangers of the Divine,s.tgtg,"ffa3,ffa4,tag",active,active,accepted; the special-summon group-size gate does not apply,LIMITATION: no full card-effect outcome was run in this PLAYER_ALL matrix,source/API review only; no card outcome claimed,"Duel.SetOperationInfo(0,CATEGORY_TOGRAVE,nil,1,PLAYER_ALL,LOCATION_MZONE)"
4,stock,data/duel-engine-next/card-scripts/official/c22593417.lua,51,22593417,Topologic Gumblar Dragon,s.hdtg,"ffa3,ffa4,tag",active,active,accepted; the special-summon group-size gate does not apply,LIMITATION: no full card-effect outcome was run in this PLAYER_ALL matrix,source/API review only; no card outcome claimed,"Duel.SetOperationInfo(0,CATEGORY_HANDES,nil,0,PLAYER_ALL,math.min(rt1,rt2))"
4,stock,data/duel-engine-next/card-scripts/official/c23282832.lua,23,23282832,Over Limit,s.tg,"ffa3,ffa4,tag",active,active,accepted; no group object,LIMITATION: no full card-effect outcome was run in this PLAYER_ALL matrix,source/API review only; no card outcome claimed,"Duel.SetOperationInfo(0,CATEGORY_SPECIAL_SUMMON,nil,1,PLAYER_ALL,LOCATION_GRAVE)"
4,stock,data/duel-engine-next/card-scripts/official/c24434049.lua,71,24434049,Epurrely Plump,s.qpovtg,"ffa3,ffa4,tag",active,active,accepted; no special-summon group-size gate,LIMITATION: no full card-effect outcome was run in this PLAYER_ALL matrix,source/API review only; no card outcome claimed,"Duel.SetPossibleOperationInfo(0,CATEGORY_REMOVE,nil,1,PLAYER_ALL,LOCATION_MZONE)"
4,stock,data/duel-engine-next/card-scripts/official/c25209168.lua,30,25209168,Exchange of Despair and Hope,s.tgtg,"ffa3,ffa4,tag",active,active,accepted; no special-summon group-size gate,LIMITATION: no full card-effect outcome was run in this PLAYER_ALL matrix,source/API review only; no card outcome claimed,"Duel.SetPossibleOperationInfo(0,CATEGORY_SPECIAL_SUMMON,nil,2,PLAYER_ALL,LOCATION_GRAVE)"
4,overlay,packages/duel-server/domain-core/multi-scripts/c25926710.lua,5,25926710,Kelbek the Ancient Vanguard,s.mltg,"ffa3,ffa4,tag",active,active,accepted; the special-summon group-size gate does not apply,LIMITATION: no full card-effect outcome was run in this PLAYER_ALL matrix,source/API review only; no card outcome claimed,"Duel.SetOperationInfo(0,CATEGORY_DECKDES,nil,0,PLAYER_ALL,5)"
4,stock,data/duel-engine-next/card-scripts/official/c26084285.lua,24,26084285,Gravekeeper's Watcher,s.condition,"ffa3,ffa4,tag",active,active,not an operation-info call,LIMITATION: no full card-effect outcome was run in this PLAYER_ALL matrix,source/API review only; no card outcome claimed,return ex and (p==ep or p==PLAYER_ALL)
4,stock,data/duel-engine-next/card-scripts/official/c26285788.lua,38,26285788,Trial and Tribulation,s.target,"ffa3,ffa4,tag",active,active,accepted; no special-summon group-size gate,LIMITATION: no full card-effect outcome was run in this PLAYER_ALL matrix,existing scenario files (not proof of this row): r2-nochange,"Duel.SetPossibleOperationInfo(0,CATEGORY_DESTROY,nil,1,PLAYER_ALL,LOCATION_ONFIELD)"
4,stock,data/duel-engine-next/card-scripts/official/c26364381.lua,68,26364381,Demiurge Ema,s.tkntg,"ffa3,ffa4,tag",active,active,accepted; no group object,LIMITATION: no full card-effect outcome was run in this PLAYER_ALL matrix,source/API review only; no card outcome claimed,"Duel.SetOperationInfo(0,CATEGORY_SPECIAL_SUMMON,0,2,PLAYER_ALL,0)"
4,stock,data/duel-engine-next/card-scripts/official/c26364381.lua,69,26364381,Demiurge Ema,s.tkntg,"ffa3,ffa4,tag",active,active,accepted; the special-summon group-size gate does not apply,LIMITATION: no full card-effect outcome was run in this PLAYER_ALL matrix,source/API review only; no card outcome claimed,"Duel.SetOperationInfo(0,CATEGORY_TOKEN,0,2,PLAYER_ALL,0)"
4,stock,data/duel-engine-next/card-scripts/official/c26692769.lua,79,26692769,The Phantom Knights of Rusty Bardiche,s.destg,"ffa3,ffa4,tag",active,active,accepted; the special-summon group-size gate does not apply,LIMITATION: no full card-effect outcome was run in this PLAYER_ALL matrix,source/API review only; no card outcome claimed,"Duel.SetOperationInfo(0,CATEGORY_DESTROY,g,1,PLAYER_ALL,LOCATION_ONFIELD)"
4,stock,data/duel-engine-next/card-scripts/official/c28053763.lua,60,28053763,Dragonoid Generator,s.tkop2,"ffa3,ffa4,tag",active,active,not an operation-info call,LIMITATION: no full card-effect outcome was run in this PLAYER_ALL matrix,source/API review only; no card outcome claimed,"Duel.Hint(HINT_CARD,PLAYER_ALL,id)"
4,stock,data/duel-engine-next/card-scripts/official/c28297833.lua,26,28297833,Necroface,s.tdtg,"ffa3,ffa4,tag",active,active,accepted; the special-summon group-size gate does not apply,LIMITATION: no full card-effect outcome was run in this PLAYER_ALL matrix,source/API review only; no card outcome claimed,"Duel.SetOperationInfo(0,CATEGORY_TODECK,nil,1,PLAYER_ALL,LOCATION_REMOVED)"
4,stock,data/duel-engine-next/card-scripts/official/c28297833.lua,44,28297833,Necroface,s.rmtg,"ffa3,ffa4,tag",active,active,accepted; the special-summon group-size gate does not apply,LIMITATION: no full card-effect outcome was run in this PLAYER_ALL matrix,source/API review only; no card outcome claimed,"Duel.SetOperationInfo(0,CATEGORY_REMOVE,nil,5,PLAYER_ALL,LOCATION_DECK)"
4,stock,data/duel-engine-next/card-scripts/official/c29479265.lua,53,29479265,Unchained Abomination,s.destg,"ffa3,ffa4,tag",active,active,accepted; the special-summon group-size gate does not apply,LIMITATION: no full card-effect outcome was run in this PLAYER_ALL matrix,source/API review only; no card outcome claimed,"Duel.SetOperationInfo(0,CATEGORY_DESTROY,g,1,PLAYER_ALL,LOCATION_ONFIELD)"
4,overlay,packages/duel-server/domain-core/multi-scripts/c30109445.lua,18,30109445,Clown Crew Dristy,s.efftg,"ffa3,ffa4,tag",active,active,accepted; the special-summon group-size gate does not apply,LIMITATION: no full card-effect outcome was run in this PLAYER_ALL matrix,source/API review only; no card outcome claimed,"Duel.SetOperationInfo(0,CATEGORY_TOEXTRA,nil,1,PLAYER_ALL,LOCATION_MZONE|LOCATION_GRAVE)"
4,overlay,packages/duel-server/domain-core/multi-scripts/c30109445.lua,22,30109445,Clown Crew Dristy,s.efftg,"ffa3,ffa4,tag",active,active,accepted; the special-summon group-size gate does not apply,LIMITATION: no full card-effect outcome was run in this PLAYER_ALL matrix,source/API review only; no card outcome claimed,"Duel.SetOperationInfo(0,CATEGORY_TODECK,nil,1,PLAYER_ALL,LOCATION_HAND)"
4,overlay,packages/duel-server/domain-core/multi-scripts/c30109445.lua,23,30109445,Clown Crew Dristy,s.efftg,"ffa3,ffa4,tag",active,active,accepted; the special-summon group-size gate does not apply,LIMITATION: no full card-effect outcome was run in this PLAYER_ALL matrix,source/API review only; no card outcome claimed,"Duel.SetOperationInfo(0,CATEGORY_DRAW,nil,0,PLAYER_ALL,1)"
4,overlay,packages/duel-server/domain-core/multi-scripts/c30394645.lua,5,30394645,Dogmatika Lawbringer,s.tgtg,"ffa3,ffa4,tag",active,active,accepted; the special-summon group-size gate does not apply,LIMITATION: no full card-effect outcome was run in this PLAYER_ALL matrix,source/API review only; no card outcome claimed,"Duel.SetOperationInfo(0,CATEGORY_TOGRAVE,nil,2,PLAYER_ALL,LOCATION_EXTRA)"
4,stock,data/duel-engine-next/card-scripts/official/c31533473.lua,49,31533473,Clown Crew Diabolo,s.efftg,"ffa3,ffa4,tag",active,active,accepted; the special-summon group-size gate does not apply,LIMITATION: no full card-effect outcome was run in this PLAYER_ALL matrix,source/API review only; no card outcome claimed,"Duel.SetOperationInfo(0,CATEGORY_TOEXTRA,nil,1,PLAYER_ALL,LOCATION_MZONE|LOCATION_GRAVE)"
4,stock,data/duel-engine-next/card-scripts/official/c32056070.lua,125,32056070,You and A.I.,s.distg,"ffa3,ffa4,tag",active,active,accepted; the special-summon group-size gate does not apply,LIMITATION: no full card-effect outcome was run in this PLAYER_ALL matrix,source/API review only; no card outcome claimed,"Duel.SetOperationInfo(0,CATEGORY_DISABLE,nil,1,PLAYER_ALL,LOCATION_ONFIELD)"
4,stock,data/duel-engine-next/card-scripts/official/c32354768.lua,93,32354768,Oracle of Zefra,s.tdtg,"ffa3,ffa4,tag",active,active,accepted; the special-summon group-size gate does not apply,LIMITATION: no full card-effect outcome was run in this PLAYER_ALL matrix,source/API review only; no card outcome claimed,"Duel.SetOperationInfo(0,CATEGORY_TODECK,nil,1,PLAYER_ALL,LOCATION_MZONE)"
4,overlay,packages/duel-server/domain-core/multi-scripts/c33782437.lua,6,33782437,One Day of Peace,s.target,"ffa3,ffa4,tag",active,active,accepted; the special-summon group-size gate does not apply,LIMITATION: no full card-effect outcome was run in this PLAYER_ALL matrix,source/API review only; no card outcome claimed,"Duel.SetOperationInfo(0,CATEGORY_DRAW,nil,0,PLAYER_ALL,1)"
4,stock,data/duel-engine-next/card-scripts/official/c34124316.lua,19,34124316,Cyber Jar,s.target,"ffa3,ffa4,tag",active,active,accepted; no special-summon group-size gate,LIMITATION: no full card-effect outcome was run in this PLAYER_ALL matrix,source/API review only; no card outcome claimed,"Duel.SetPossibleOperationInfo(0,CATEGORY_SPECIAL_SUMMON,nil,0,PLAYER_ALL,LOCATION_DECK)"
4,stock,data/duel-engine-next/card-scripts/official/c35772782.lua,36,35772782,Number 67: Pair-a-Dice Smasher,s.target,"ffa3,ffa4,tag",active,active,accepted; the special-summon group-size gate does not apply,LIMITATION: no full card-effect outcome was run in this PLAYER_ALL matrix,source/API review only; no card outcome claimed,"Duel.SetOperationInfo(0,CATEGORY_DICE,nil,0,PLAYER_ALL,1)"
4,stock,data/duel-engine-next/card-scripts/official/c36368606.lua,35,36368606,Cynet Refresh,s.target,"ffa3,ffa4,tag",active,active,accepted; no special-summon group-size gate,LIMITATION: no full card-effect outcome was run in this PLAYER_ALL matrix,source/API review only; no card outcome claimed,"Duel.SetPossibleOperationInfo(0,CATEGORY_SPECIAL_SUMMON,nil,1,PLAYER_ALL,LOCATION_GRAVE)"
4,overlay,packages/duel-server/domain-core/multi-scripts/c36809777.lua,15,36809777,Brutal Beast Battle,s.tgtg,"ffa3,ffa4,tag",active,active,accepted; the special-summon group-size gate does not apply,LIMITATION: no full card-effect outcome was run in this PLAYER_ALL matrix,existing scenario files (not proof of this row): seats,"Duel.SetOperationInfo(0,CATEGORY_TOGRAVE,nil,1,PLAYER_ALL,LOCATION_MZONE)"
4,stock,data/duel-engine-next/card-scripts/official/c37444964.lua,46,37444964,Dream Mirror Fantasy,s.target,"ffa3,ffa4,tag",active,active,accepted; the special-summon group-size gate does not apply,LIMITATION: no full card-effect outcome was run in this PLAYER_ALL matrix,source/API review only; no card outcome claimed,"Duel.SetOperationInfo(0,CATEGORY_REMOVE,nil,1,PLAYER_ALL,LOCATION_ONFIELD)"
4,overlay,packages/duel-server/domain-core/multi-scripts/c37806313.lua,10,37806313,Caravan of the Ice Barrier,s.target,"ffa3,ffa4,tag",active,active,accepted; the special-summon group-size gate does not apply,LIMITATION: no full card-effect outcome was run in this PLAYER_ALL matrix,source/API review only; no card outcome claimed,"Duel.SetOperationInfo(0,CATEGORY_DRAW,nil,0,PLAYER_ALL,1)"
4,stock,data/duel-engine-next/card-scripts/official/c39180960.lua,24,39180960,Rigorous Reaver,s.target,"ffa3,ffa4,tag",active,active,accepted; the special-summon group-size gate does not apply,LIMITATION: no full card-effect outcome was run in this PLAYER_ALL matrix,existing scenario files (not proof of this row): seats,"Duel.SetOperationInfo(0,CATEGORY_HANDES,nil,0,PLAYER_ALL,1)"
4,stock,data/duel-engine-next/card-scripts/official/c39552584.lua,61,39552584,"Grapha, Dragon Overlord of Dark World",s.sptg,"ffa3,ffa4,tag",active,active,accepted; the special-summon group-size gate does not apply,LIMITATION: no full card-effect outcome was run in this PLAYER_ALL matrix,existing scenario files (not proof of this row): gaps-r1,"Duel.SetOperationInfo(0,CATEGORY_HANDES,nil,0,PLAYER_ALL,1)"
4,stock,data/duel-engine-next/card-scripts/official/c40221691.lua,55,40221691,Nightmare Magician,s.destg,"ffa3,ffa4,tag",active,active,accepted; the special-summon group-size gate does not apply,LIMITATION: no full card-effect outcome was run in this PLAYER_ALL matrix,source/API review only; no card outcome claimed,"Duel.SetOperationInfo(0,CATEGORY_DESTROY,g,1,PLAYER_ALL,LOCATION_ONFIELD)"
4,stock,data/duel-engine-next/card-scripts/official/c40352445.lua,39,40352445,White Knight of Dogmatika,s.target,"ffa3,ffa4,tag",active,active,accepted; the special-summon group-size gate does not apply,LIMITATION: no full card-effect outcome was run in this PLAYER_ALL matrix,source/API review only; no card outcome claimed,"Duel.SetOperationInfo(0,CATEGORY_TOGRAVE,nil,1,PLAYER_ALL,LOCATION_EXTRA)"
4,stock,data/duel-engine-next/card-scripts/official/c41525660.lua,47,41525660,Nazuki the Vaylantz Ninja,s.spcon,"ffa3,ffa4,tag",active,active,not an operation-info call,LIMITATION: no full card-effect outcome was run in this PLAYER_ALL matrix,source/API review only; no card outcome claimed,"return Duel.IsEnvironment(CARD_VALIANTS_SHINRABANSHO,PLAYER_ALL,LOCATION_FZONE)"
4,stock,data/duel-engine-next/card-scripts/official/c41685633.lua,90,41685633,Thunder Dragon Titan,s.destg,"ffa3,ffa4,tag",active,active,accepted; the special-summon group-size gate does not apply,LIMITATION: no full card-effect outcome was run in this PLAYER_ALL matrix,source/API review only; no card outcome claimed,"Duel.SetOperationInfo(0,CATEGORY_DESTROY,g,1,PLAYER_ALL,LOCATION_ONFIELD)"
4,overlay,packages/duel-server/domain-core/multi-scripts/c42517468.lua,6,42517468,Ojama Pink,s.target,"ffa3,ffa4,tag",active,active,accepted; the special-summon group-size gate does not apply,LIMITATION: no full card-effect outcome was run in this PLAYER_ALL matrix,source/API review only; no card outcome claimed,"Duel.SetOperationInfo(0,CATEGORY_HANDES,nil,0,PLAYER_ALL,1)"
4,overlay,packages/duel-server/domain-core/multi-scripts/c42517468.lua,7,42517468,Ojama Pink,s.target,"ffa3,ffa4,tag",active,active,accepted; the special-summon group-size gate does not apply,LIMITATION: no full card-effect outcome was run in this PLAYER_ALL matrix,source/API review only; no card outcome claimed,"Duel.SetOperationInfo(0,CATEGORY_DRAW,nil,0,PLAYER_ALL,1)"
4,stock,data/duel-engine-next/card-scripts/official/c42719764.lua,43,42719764,Summon Shock,s.tgtg,"ffa3,ffa4,tag",active,active,accepted; the special-summon group-size gate does not apply,LIMITATION: no full card-effect outcome was run in this PLAYER_ALL matrix,source/API review only; no card outcome claimed,"Duel.SetOperationInfo(0,CATEGORY_TOGRAVE,nil,1,PLAYER_ALL,LOCATION_MZONE)"
4,stock,data/duel-engine-next/card-scripts/official/c42759961.lua,60,42759961,Clown Crew Flair,s.efftg,"ffa3,ffa4,tag",active,active,accepted; the special-summon group-size gate does not apply,LIMITATION: no full card-effect outcome was run in this PLAYER_ALL matrix,source/API review only; no card outcome claimed,"Duel.SetOperationInfo(0,CATEGORY_TODECK,nil,1,PLAYER_ALL,LOCATION_MZONE|LOCATION_GRAVE)"
4,overlay,packages/duel-server/domain-core/multi-scripts/c44968459.lua,17,44968459,Silent Burning,s.target,"ffa3,ffa4,tag",active,active,accepted; the special-summon group-size gate does not apply,LIMITATION: no full card-effect outcome was run in this PLAYER_ALL matrix,source/API review only; no card outcome claimed,"Duel.SetOperationInfo(0,CATEGORY_DRAW,nil,0,PLAYER_ALL,1)"
4,stock,data/duel-engine-next/card-scripts/official/c45702357.lua,31,45702357,Reversible Beetle,s.tdtg,"ffa3,ffa4,tag",active,active,accepted; the special-summon group-size gate does not apply,LIMITATION: no full card-effect outcome was run in this PLAYER_ALL matrix,source/API review only; no card outcome claimed,"Duel.SetOperationInfo(0,CATEGORY_TODECK,nil,1,PLAYER_ALL,LOCATION_MZONE)"
4,stock,data/duel-engine-next/card-scripts/official/c45702357.lua,44,45702357,Reversible Beetle,s.postg,"ffa3,ffa4,tag",active,active,accepted; the special-summon group-size gate does not apply,LIMITATION: no full card-effect outcome was run in this PLAYER_ALL matrix,source/API review only; no card outcome claimed,"Duel.SetOperationInfo(0,CATEGORY_POSITION,nil,1,PLAYER_ALL,POS_FACEDOWN_DEFENSE)"
4,overlay,packages/duel-server/domain-core/multi-scripts/c45742626.lua,5,45742626,Pilgrim Reaper,s.target,"ffa3,ffa4,tag",active,active,accepted; the special-summon group-size gate does not apply,LIMITATION: no full card-effect outcome was run in this PLAYER_ALL matrix,source/API review only; no card outcome claimed,"Duel.SetOperationInfo(0,CATEGORY_DECKDES,nil,0,PLAYER_ALL,5)"
4,overlay,packages/duel-server/domain-core/multi-scripts/c46031686.lua,6,46031686,Damage Polarizer,s.target,"ffa3,ffa4,tag",active,active,accepted; the special-summon group-size gate does not apply,LIMITATION: no full card-effect outcome was run in this PLAYER_ALL matrix,source/API review only; no card outcome claimed,"Duel.SetOperationInfo(0,CATEGORY_DRAW,nil,0,PLAYER_ALL,1)"
4,stock,data/duel-engine-next/card-scripts/official/c46570372.lua,32,46570372,Battle of Sleeping Spirits,s.sptg,"ffa3,ffa4,tag",active,active,accepted; no special-summon group-size gate,LIMITATION: no full card-effect outcome was run in this PLAYER_ALL matrix,source/API review only; no card outcome claimed,"Duel.SetPossibleOperationInfo(0,CATEGORY_SPECIAL_SUMMON,nil,2,PLAYER_ALL,LOCATION_GRAVE)"
4,stock,data/duel-engine-next/card-scripts/official/c46925518.lua,50,46925518,Ghostrick Doll,s.fdtg,"ffa3,ffa4,tag",active,active,accepted; no special-summon group-size gate,LIMITATION: no full card-effect outcome was run in this PLAYER_ALL matrix,source/API review only; no card outcome claimed,"Duel.SetPossibleOperationInfo(0,CATEGORY_POSITION,nil,1,PLAYER_ALL,POS_FACEDOWN_DEFENSE)"
4,stock,data/duel-engine-next/card-scripts/official/c47355498.lua,77,47355498,Necrovalley,s.discheck,"ffa3,ffa4,tag",active,active,not an operation-info call,LIMITATION: no full card-effect outcome was run in this PLAYER_ALL matrix,existing scenario files (not proof of this row): late-cards,elseif p==PLAYER_ALL then return not_im0 or not_im1
4,stock,data/duel-engine-next/card-scripts/official/c47921178.lua,40,47921178,Battlin' Boxer Chief Second,s.sptg,"ffa3,ffa4,tag",active,active,accepted; the special-summon group-size gate does not apply,LIMITATION: no full card-effect outcome was run in this PLAYER_ALL matrix,source/API review only; no card outcome claimed,"Duel.SetOperationInfo(0,CATEGORY_REMOVE,nil,1,PLAYER_ALL,LOCATION_MZONE)"
4,stock,data/duel-engine-next/card-scripts/official/c48128081.lua,68,48128081,Destined Duel,s.target,"ffa3,ffa4,tag",active,active,accepted; no special-summon group-size gate,LIMITATION: no full card-effect outcome was run in this PLAYER_ALL matrix,source/API review only; no card outcome claimed,"Duel.SetPossibleOperationInfo(0,CATEGORY_POSITION,nil,1,PLAYER_ALL,POS_FACEDOWN_DEFENSE)"
4,overlay,packages/duel-server/domain-core/multi-scripts/c48150362.lua,5,48150362,Destiny HERO - Drawhand,s.drtg,"ffa3,ffa4,tag",active,active,accepted; the special-summon group-size gate does not apply,LIMITATION: no full card-effect outcome was run in this PLAYER_ALL matrix,source/API review only; no card outcome claimed,"Duel.SetOperationInfo(0,CATEGORY_DRAW,nil,0,PLAYER_ALL,1)"
4,overlay,packages/duel-server/domain-core/multi-scripts/c48216773.lua,17,48216773,Compulsory Escape Device,s.target,"ffa3,ffa4,tag",active,active,accepted; the special-summon group-size gate does not apply,LIMITATION: no full card-effect outcome was run in this PLAYER_ALL matrix,source/API review only; no card outcome claimed,"Duel.SetOperationInfo(0,CATEGORY_TODECK,nil,2,PLAYER_ALL,LOCATION_MZONE)"
4,stock,data/duel-engine-next/card-scripts/official/c48469380.lua,69,48469380,Archfiend Emperor,s.rmtg,"ffa3,ffa4,tag",active,active,accepted; the special-summon group-size gate does not apply,LIMITATION: no full card-effect outcome was run in this PLAYER_ALL matrix,source/API review only; no card outcome claimed,"Duel.SetOperationInfo(0,CATEGORY_REMOVE,nil,1,PLAYER_ALL,LOCATION_MMZONE)"
4,stock,data/duel-engine-next/card-scripts/official/c49139666.lua,97,49139666,E Stranger Big Bang,s.destg,"ffa3,ffa4,tag",active,active,accepted; the special-summon group-size gate does not apply,LIMITATION: no full card-effect outcome was run in this PLAYER_ALL matrix,source/API review only; no card outcome claimed,"Duel.SetOperationInfo(0,CATEGORY_DESTROY,g,1,PLAYER_ALL,LOCATION_ONFIELD)"
4,stock,data/duel-engine-next/card-scripts/official/c50470982.lua,17,50470982,The Paths of Destiny,s.target,"ffa3,ffa4,tag",active,active,accepted; the special-summon group-size gate does not apply,LIMITATION: no full card-effect outcome was run in this PLAYER_ALL matrix,source/API review only; no card outcome claimed,"Duel.SetOperationInfo(0,CATEGORY_COIN,nil,0,PLAYER_ALL,2)"
4,overlay,packages/duel-server/domain-core/multi-scripts/c51011872.lua,17,51011872,Trickstar Crimson Heart,s.drtg,"ffa3,ffa4,tag",active,active,accepted; the special-summon group-size gate does not apply,LIMITATION: no full card-effect outcome was run in this PLAYER_ALL matrix,source/API review only; no card outcome claimed,"Duel.SetOperationInfo(0,CATEGORY_DRAW,nil,0,PLAYER_ALL,1)"
4,stock,data/duel-engine-next/card-scripts/official/c51697825.lua,23,51697825,Jack-In-The-Hand,s.target,"ffa3,ffa4,tag",active,active,accepted; the special-summon group-size gate does not apply,LIMITATION: no full card-effect outcome was run in this PLAYER_ALL matrix,source/API review only; no card outcome claimed,"Duel.SetOperationInfo(0,CATEGORY_TOHAND,nil,1,PLAYER_ALL,LOCATION_DECK)"
4,overlay,packages/duel-server/domain-core/multi-scripts/c52350806.lua,6,52350806,Danger! Mothman!,s.drtg,"ffa3,ffa4,tag",active,active,accepted; the special-summon group-size gate does not apply,LIMITATION: no full card-effect outcome was run in this PLAYER_ALL matrix,source/API review only; no card outcome claimed,"Duel.SetOperationInfo(0,CATEGORY_HANDES,nil,0,PLAYER_ALL,1)"
4,overlay,packages/duel-server/domain-core/multi-scripts/c52350806.lua,7,52350806,Danger! Mothman!,s.drtg,"ffa3,ffa4,tag",active,active,accepted; the special-summon group-size gate does not apply,LIMITATION: no full card-effect outcome was run in this PLAYER_ALL matrix,source/API review only; no card outcome claimed,"Duel.SetOperationInfo(0,CATEGORY_DRAW,nil,0,PLAYER_ALL,1)"
4,stock,data/duel-engine-next/card-scripts/official/c53503015.lua,56,53503015,Frozen Rose,s.drop,"ffa3,ffa4,tag",active,active,not an operation-info call,LIMITATION: no full card-effect outcome was run in this PLAYER_ALL matrix,source/API review only; no card outcome claimed,"Duel.Hint(HINT_CARD,PLAYER_ALL,id)"
4,stock,data/duel-engine-next/card-scripts/official/c54239282.lua,20,54239282,Old Mind,s.target,"ffa3,ffa4,tag",active,active,accepted; the special-summon group-size gate does not apply,LIMITATION: no full card-effect outcome was run in this PLAYER_ALL matrix,source/API review only; no card outcome claimed,"Duel.SetOperationInfo(0,CATEGORY_HANDES,nil,1,PLAYER_ALL,LOCATION_HAND)"
4,stock,data/duel-engine-next/card-scripts/official/c54807656.lua,49,54807656,Wailing of the Unchained Souls,s.destg,"ffa3,ffa4,tag",active,active,accepted; the special-summon group-size gate does not apply,LIMITATION: no full card-effect outcome was run in this PLAYER_ALL matrix,source/API review only; no card outcome claimed,"Duel.SetOperationInfo(0,CATEGORY_DESTROY,g,1,PLAYER_ALL,LOCATION_ONFIELD)"
4,stock,data/duel-engine-next/card-scripts/official/c55878038.lua,107,55878038,Chaos Dragon Levianeer,s.target,"ffa3,ffa4,tag",active,active,accepted; the special-summon group-size gate does not apply,LIMITATION: no full card-effect outcome was run in this PLAYER_ALL matrix,source/API review only; no card outcome claimed,"Duel.SetOperationInfo(0,CATEGORY_DESTROY,g,1,PLAYER_ALL,LOCATION_ONFIELD)"
4,overlay,packages/duel-server/domain-core/multi-scripts/c56673480.lua,13,56673480,Contract with Don Thousand,s.target,"ffa3,ffa4,tag",active,active,accepted; the special-summon group-size gate does not apply,LIMITATION: no full card-effect outcome was run in this PLAYER_ALL matrix,existing scenario files (not proof of this row): seats,"Duel.SetOperationInfo(0,CATEGORY_DRAW,nil,0,PLAYER_ALL,1)"
4,stock,data/duel-engine-next/card-scripts/official/c57232301.lua,75,57232301,Shadow Severing Strike,s.efftg,"ffa3,ffa4,tag",active,active,accepted; no special-summon group-size gate,LIMITATION: no full card-effect outcome was run in this PLAYER_ALL matrix,source/API review only; no card outcome claimed,"Duel.SetPossibleOperationInfo(0,CATEGORY_DISABLE,nil,1,PLAYER_ALL,LOCATION_ONFIELD)"
4,stock,data/duel-engine-next/card-scripts/official/c57314798.lua,76,57314798,Number 100: Numeron Dragon,s.destg,"ffa3,ffa4,tag",active,active,accepted; the special-summon group-size gate does not apply,LIMITATION: no full card-effect outcome was run in this PLAYER_ALL matrix,"existing scenario files (not proof of this row): compare-extra,compare-gaps","Duel.SetOperationInfo(0,CATEGORY_LEAVE_GRAVE,nil,2,PLAYER_ALL,LOCATION_GRAVE)"
4,stock,data/duel-engine-next/card-scripts/official/c58330108.lua,84,58330108,Gigarays Gandora the Dragon of Destruction,s.target,"ffa3,ffa4,tag",active,active,accepted; no special-summon group-size gate,LIMITATION: no full card-effect outcome was run in this PLAYER_ALL matrix,source/API review only; no card outcome claimed,"Duel.SetPossibleOperationInfo(0,CATEGORY_DESTROY,nil,1,PLAYER_ALL,LOCATION_ONFIELD)"
4,stock,data/duel-engine-next/card-scripts/official/c58330108.lua,85,58330108,Gigarays Gandora the Dragon of Destruction,s.target,"ffa3,ffa4,tag",active,active,accepted; no special-summon group-size gate,LIMITATION: no full card-effect outcome was run in this PLAYER_ALL matrix,source/API review only; no card outcome claimed,"Duel.SetPossibleOperationInfo(0,CATEGORY_REMOVE,nil,1,PLAYER_ALL,LOCATION_ONFIELD|LOCATION_GRAVE)"
4,overlay,packages/duel-server/domain-core/multi-scripts/c59094601.lua,15,59094601,The Revived Sky God,s.target,"ffa3,ffa4,tag",active,active,accepted; the special-summon group-size gate does not apply,LIMITATION: no full card-effect outcome was run in this PLAYER_ALL matrix,source/API review only; no card outcome claimed,"Duel.SetOperationInfo(0,CATEGORY_DRAW,nil,0,PLAYER_ALL,total)"
4,stock,data/duel-engine-next/card-scripts/official/c60741115.lua,22,60741115,Damage Eater,s.condition,"ffa3,ffa4,tag",active,active,not an operation-info call,LIMITATION: no full card-effect outcome was run in this PLAYER_ALL matrix,source/API review only; no card outcome claimed,"if cp~=PLAYER_ALL then return Duel.IsPlayerAffectedByEffect(cp,EFFECT_REVERSE_RECOVER)"
4,stock,data/duel-engine-next/card-scripts/official/c61622107.lua,22,61622107,Bubble Crash,s.target,"ffa3,ffa4,tag",active,active,accepted; no special-summon group-size gate,LIMITATION: no full card-effect outcome was run in this PLAYER_ALL matrix,source/API review only; no card outcome claimed,"Duel.SetPossibleOperationInfo(0,CATEGORY_TOGRAVE,nil,0,PLAYER_ALL,LOCATION_ONFIELD|LOCATION_HAND)"
4,overlay,packages/duel-server/domain-core/multi-scripts/c62320425.lua,6,62320425,Agido the Ancient Sentinel,s.tgtg,"ffa3,ffa4,tag",active,active,accepted; the special-summon group-size gate does not apply,LIMITATION: no full card-effect outcome was run in this PLAYER_ALL matrix,source/API review only; no card outcome claimed,"Duel.SetOperationInfo(0,CATEGORY_DECKDES,nil,0,PLAYER_ALL,5)"
4,stock,data/duel-engine-next/card-scripts/official/c62632427.lua,20,62632427,Margin Trading,s.target,"ffa3,ffa4,tag",active,active,accepted; the special-summon group-size gate does not apply,LIMITATION: no full card-effect outcome was run in this PLAYER_ALL matrix,source/API review only; no card outcome claimed,"Duel.SetOperationInfo(0,CATEGORY_TOHAND,nil,1,PLAYER_ALL,LOCATION_DECK)"
4,stock,data/duel-engine-next/card-scripts/official/c63708033.lua,30,63708033,Vernusylph and the Flower Buds,s.thtg,"ffa3,ffa4,tag",active,active,accepted; the special-summon group-size gate does not apply,LIMITATION: no full card-effect outcome was run in this PLAYER_ALL matrix,source/API review only; no card outcome claimed,"Duel.SetOperationInfo(0,CATEGORY_TOHAND,g,#g*2,PLAYER_ALL,LOCATION_MZONE)"
4,stock,data/duel-engine-next/card-scripts/official/c65433790.lua,7,65433790,Battle Royal Mode - Joining,s.initial_effect,"ffa3,ffa4,tag",active,active,not an operation-info call,LIMITATION: no full card-effect outcome was run in this PLAYER_ALL matrix,source/API review only; no card outcome claimed,"aux.AddPersistentProcedure(c,PLAYER_ALL,aux.FaceupFilter(Card.IsType,TYPE_EFFECT))"
4,overlay,packages/duel-server/domain-core/multi-scripts/c65589010.lua,5,65589010,Dogmatika Nation,s.gytg,"ffa3,ffa4,tag",active,active,accepted; the special-summon group-size gate does not apply,LIMITATION: no full card-effect outcome was run in this PLAYER_ALL matrix,source/API review only; no card outcome claimed,"Duel.SetOperationInfo(0,CATEGORY_TOGRAVE,nil,2,PLAYER_ALL,LOCATION_EXTRA)"
4,stock,data/duel-engine-next/card-scripts/official/c67688478.lua,26,67688478,Gemini Imps,s.condition,"ffa3,ffa4,tag",active,active,not an operation-info call,LIMITATION: no full card-effect outcome was run in this PLAYER_ALL matrix,source/API review only; no card outcome claimed,((operation_info and (op_player==1-tp or op_player==PLAYER_EITHER or op_player==PLAYER_ALL)) or
4,stock,data/duel-engine-next/card-scripts/official/c67688478.lua,27,67688478,Gemini Imps,s.condition,"ffa3,ffa4,tag",active,active,not an operation-info call,LIMITATION: no full card-effect outcome was run in this PLAYER_ALL matrix,source/API review only; no card outcome claimed,(poperation_info and (pop_player==1-tp or pop_player==PLAYER_EITHER or pop_player==PLAYER_ALL)))
4,overlay,packages/duel-server/domain-core/multi-scripts/c68078978.lua,5,68078978,Fortune Fairy Chee,s.drtg,"ffa3,ffa4,tag",active,active,accepted; the special-summon group-size gate does not apply,LIMITATION: no full card-effect outcome was run in this PLAYER_ALL matrix,source/API review only; no card outcome claimed,"Duel.SetOperationInfo(0,CATEGORY_DRAW,nil,0,PLAYER_ALL,1)"
4,overlay,packages/duel-server/domain-core/multi-scripts/c69402394.lua,13,69402394,Dark Scheme,s.target,"ffa3,ffa4,tag",active,active,accepted; the special-summon group-size gate does not apply,LIMITATION: no full card-effect outcome was run in this PLAYER_ALL matrix,existing scenario files (not proof of this row): gaps-r1,"Duel.SetOperationInfo(0,CATEGORY_DRAW,nil,0,PLAYER_ALL,2)"
4,overlay,packages/duel-server/domain-core/multi-scripts/c69840739.lua,24,69840739,Artifact Durendal,s.efftg,"ffa3,ffa4,tag",active,active,accepted; the special-summon group-size gate does not apply,LIMITATION: no full card-effect outcome was run in this PLAYER_ALL matrix,source/API review only; no card outcome claimed,"Duel.SetOperationInfo(0,CATEGORY_TODECK,nil,1,PLAYER_ALL,LOCATION_HAND)"
4,overlay,packages/duel-server/domain-core/multi-scripts/c69840739.lua,25,69840739,Artifact Durendal,s.efftg,"ffa3,ffa4,tag",active,active,accepted; the special-summon group-size gate does not apply,LIMITATION: no full card-effect outcome was run in this PLAYER_ALL matrix,source/API review only; no card outcome claimed,"Duel.SetOperationInfo(0,CATEGORY_DRAW,nil,0,PLAYER_ALL,1)"
4,stock,data/duel-engine-next/card-scripts/official/c70636044.lua,53,70636044,"Varudras, the Final Bringer of the End Times",s.negtg,"ffa3,ffa4,tag",active,active,accepted; no special-summon group-size gate,LIMITATION: no full card-effect outcome was run in this PLAYER_ALL matrix,source/API review only; no card outcome claimed,"Duel.SetPossibleOperationInfo(0,CATEGORY_DESTROY,nil,1,PLAYER_ALL,LOCATION_ONFIELD)"
4,stock,data/duel-engine-next/card-scripts/official/c70636044.lua,79,70636044,"Varudras, the Final Bringer of the End Times",s.destg,"ffa3,ffa4,tag",active,active,accepted; the special-summon group-size gate does not apply,LIMITATION: no full card-effect outcome was run in this PLAYER_ALL matrix,source/API review only; no card outcome claimed,"Duel.SetOperationInfo(0,CATEGORY_DESTROY,g,1,PLAYER_ALL,LOCATION_ONFIELD)"
4,stock,data/duel-engine-next/card-scripts/official/c71172240.lua,35,71172240,Backlinker,s.tdtg,"ffa3,ffa4,tag",active,active,accepted; the special-summon group-size gate does not apply,LIMITATION: no full card-effect outcome was run in this PLAYER_ALL matrix,source/API review only; no card outcome claimed,"Duel.SetOperationInfo(0,CATEGORY_TODECK,nil,1,PLAYER_ALL,LOCATION_EMZONE)"
4,stock,data/duel-engine-next/card-scripts/official/c71344451.lua,28,71344451,Slash Draw,s.target,"ffa3,ffa4,tag",active,active,accepted; no special-summon group-size gate,LIMITATION: no full card-effect outcome was run in this PLAYER_ALL matrix,source/API review only; no card outcome claimed,"Duel.SetPossibleOperationInfo(0,CATEGORY_DESTROY,nil,1,PLAYER_ALL,LOCATION_ONFIELD)"
4,overlay,packages/duel-server/domain-core/multi-scripts/c71645242.lua,32,71645242,Black Garden,s.atksptg,"ffa3,ffa4,tag",active,active,not an operation-info call,LIMITATION: no full card-effect outcome was run in this PLAYER_ALL matrix,existing scenario files (not proof of this row): seats-r2,p=PLAYER_ALL
4,overlay,packages/duel-server/domain-core/multi-scripts/c72405967.lua,12,72405967,Royal Tribute,s.handestg,"ffa3,ffa4,tag",active,active,accepted; the special-summon group-size gate does not apply,LIMITATION: no full card-effect outcome was run in this PLAYER_ALL matrix,existing scenario files (not proof of this row): late-cards,"Duel.SetOperationInfo(0,CATEGORY_HANDES,nil,0,PLAYER_ALL,0)"
4,overlay,packages/duel-server/domain-core/multi-scripts/c72405967.lua,13,72405967,Royal Tribute,s.handestg,"ffa3,ffa4,tag",active,active,accepted; the special-summon group-size gate does not apply,LIMITATION: no full card-effect outcome was run in this PLAYER_ALL matrix,existing scenario files (not proof of this row): late-cards,"Duel.SetOperationInfo(0,CATEGORY_TOGRAVE,nil,1,PLAYER_ALL,LOCATION_HAND)"
4,stock,data/duel-engine-next/card-scripts/official/c72554664.lua,29,72554664,Light of the Branded,s.target,"ffa3,ffa4,tag",active,active,accepted; no special-summon group-size gate,LIMITATION: no full card-effect outcome was run in this PLAYER_ALL matrix,existing scenario files (not proof of this row): opponent-field-effects-spells,"Duel.SetPossibleOperationInfo(0,CATEGORY_SPECIAL_SUMMON,nil,2,PLAYER_ALL,LOCATION_GRAVE)"
4,overlay,packages/duel-server/domain-core/multi-scripts/c73082255.lua,5,73082255,The Zombie Vampire,s.gytg,"ffa3,ffa4,tag",active,active,accepted; the special-summon group-size gate does not apply,LIMITATION: no full card-effect outcome was run in this PLAYER_ALL matrix,source/API review only; no card outcome claimed,"Duel.SetOperationInfo(0,CATEGORY_DECKDES,0,0,PLAYER_ALL,4)"
4,stock,data/duel-engine-next/card-scripts/official/c73304257.lua,49,73304257,"Alpha, the Master of Beasts",s.thtg,"ffa3,ffa4,tag",active,active,accepted; the special-summon group-size gate does not apply,LIMITATION: no full card-effect outcome was run in this PLAYER_ALL matrix,source/API review only; no card outcome claimed,"Duel.SetOperationInfo(0,CATEGORY_TOHAND,tg,ct*2,PLAYER_ALL,0)"
4,stock,data/duel-engine-next/card-scripts/official/c73414375.lua,16,73414375,Dimension Jar,s.target,"ffa3,ffa4,tag",active,active,accepted; no special-summon group-size gate,LIMITATION: no full card-effect outcome was run in this PLAYER_ALL matrix,source/API review only; no card outcome claimed,"Duel.SetPossibleOperationInfo(0,CATEGORY_REMOVE,nil,3,PLAYER_ALL,LOCATION_GRAVE)"
4,overlay,packages/duel-server/domain-core/multi-scripts/c74117290.lua,6,74117290,Dark World Dealings,s.target,"ffa3,ffa4,tag",active,active,accepted; the special-summon group-size gate does not apply,LIMITATION: no full card-effect outcome was run in this PLAYER_ALL matrix,source/API review only; no card outcome claimed,"Duel.SetOperationInfo(0,CATEGORY_HANDES,nil,0,PLAYER_ALL,1)"
4,overlay,packages/duel-server/domain-core/multi-scripts/c74117290.lua,7,74117290,Dark World Dealings,s.target,"ffa3,ffa4,tag",active,active,accepted; the special-summon group-size gate does not apply,LIMITATION: no full card-effect outcome was run in this PLAYER_ALL matrix,source/API review only; no card outcome claimed,"Duel.SetOperationInfo(0,CATEGORY_DRAW,nil,0,PLAYER_ALL,1)"
4,stock,data/duel-engine-next/card-scripts/official/c74191528.lua,19,74191528,Card of Fate,s.thtg,"ffa3,ffa4,tag",active,active,accepted; the special-summon group-size gate does not apply,LIMITATION: no full card-effect outcome was run in this PLAYER_ALL matrix,source/API review only; no card outcome claimed,"Duel.SetOperationInfo(0,CATEGORY_TOHAND,nil,0,PLAYER_ALL,1)"
4,stock,data/duel-engine-next/card-scripts/official/c74289646.lua,31,74289646,Royal Rhino with Deceitful Dice,s.target,"ffa3,ffa4,tag",active,active,accepted; the special-summon group-size gate does not apply,LIMITATION: no full card-effect outcome was run in this PLAYER_ALL matrix,source/API review only; no card outcome claimed,"Duel.SetOperationInfo(0,CATEGORY_DESTROY,g,1,PLAYER_ALL,LOCATION_ONFIELD)"
4,overlay,packages/duel-server/domain-core/multi-scripts/c74426895.lua,8,74426895,Awakening of the Possessed - Gagigobyte,s.tgtg,"ffa3,ffa4,tag",active,active,accepted; the special-summon group-size gate does not apply,LIMITATION: no full card-effect outcome was run in this PLAYER_ALL matrix,existing scenario files (not proof of this row): gaps-r1,"Duel.SetOperationInfo(0,CATEGORY_DRAW,nil,0,PLAYER_ALL,1)"
4,stock,data/duel-engine-next/card-scripts/official/c76214441.lua,24,76214441,Lifeforce Harmonizer,s.discon,"ffa3,ffa4,tag",active,active,not an operation-info call,LIMITATION: no full card-effect outcome was run in this PLAYER_ALL matrix,source/API review only; no card outcome claimed,"return ex and ((cp~=PLAYER_ALL and Duel.IsPlayerAffectedByEffect(cp,EFFECT_REVERSE_RECOVER)) or"
4,stock,data/duel-engine-next/card-scripts/official/c76214441.lua,25,76214441,Lifeforce Harmonizer,s.discon,"ffa3,ffa4,tag",active,active,not an operation-info call,LIMITATION: no full card-effect outcome was run in this PLAYER_ALL matrix,source/API review only; no card outcome claimed,"(cp==PLAYER_ALL and (Duel.IsPlayerAffectedByEffect(0,EFFECT_REVERSE_RECOVER) or Duel.IsPlayerAffectedByEffect(1,EFFECT_REVERSE_RECOVER))))"
4,overlay,packages/duel-server/domain-core/multi-scripts/c77066768.lua,9,77066768,Card Scanner,s.decltg,"ffa3,ffa4,tag",active,active,accepted; no special-summon group-size gate,LIMITATION: no full card-effect outcome was run in this PLAYER_ALL matrix,source/API review only; no card outcome claimed,"Duel.SetPossibleOperationInfo(0,CATEGORY_TOHAND,nil,1,PLAYER_ALL,LOCATION_DECK)"
4,stock,data/duel-engine-next/card-scripts/official/c77832858.lua,78,77832858,Thestalos the Shadowfire Monarch,s.rmtg,"ffa3,ffa4,tag",active,active,accepted; no special-summon group-size gate,LIMITATION: no full card-effect outcome was run in this PLAYER_ALL matrix,source/API review only; no card outcome claimed,"Duel.SetPossibleOperationInfo(0,CATEGORY_REMOVE,nil,1,PLAYER_ALL,LOCATION_ONFIELD)"
4,overlay,packages/duel-server/domain-core/multi-scripts/c78098950.lua,6,78098950,Tsumuha-Kutsunagi the Lord of Swords,s.gytg,"ffa3,ffa4,tag",active,active,accepted; no special-summon group-size gate,LIMITATION: no full card-effect outcome was run in this PLAYER_ALL matrix,existing scenario files (not proof of this row): seats,"Duel.SetPossibleOperationInfo(0,CATEGORY_TOGRAVE,nil,1,PLAYER_ALL,LOCATION_ONFIELD)"
4,overlay,packages/duel-server/domain-core/multi-scripts/c78098950.lua,7,78098950,Tsumuha-Kutsunagi the Lord of Swords,s.gytg,"ffa3,ffa4,tag",active,active,accepted; no special-summon group-size gate,LIMITATION: no full card-effect outcome was run in this PLAYER_ALL matrix,existing scenario files (not proof of this row): seats,"Duel.SetPossibleOperationInfo(0,CATEGORY_DRAW,nil,0,PLAYER_ALL,1)"
4,overlay,packages/duel-server/domain-core/multi-scripts/c78098950.lua,8,78098950,Tsumuha-Kutsunagi the Lord of Swords,s.gytg,"ffa3,ffa4,tag",active,active,accepted; no special-summon group-size gate,LIMITATION: no full card-effect outcome was run in this PLAYER_ALL matrix,existing scenario files (not proof of this row): seats,"Duel.SetPossibleOperationInfo(0,CATEGORY_TODECK,nil,1,PLAYER_ALL,LOCATION_REMOVED|LOCATION_ONFIELD|LOCATION_GRAVE)"
4,stock,data/duel-engine-next/card-scripts/official/c78610936.lua,26,78610936,Xyz Encore,s.target,"ffa3,ffa4,tag",active,active,accepted; no special-summon group-size gate,LIMITATION: no full card-effect outcome was run in this PLAYER_ALL matrix,existing scenario files (not proof of this row): opponent-field-effects-spells,"Duel.SetPossibleOperationInfo(0,CATEGORY_SPECIAL_SUMMON,nil,1,PLAYER_ALL,LOCATION_GRAVE)"
4,overlay,packages/duel-server/domain-core/multi-scripts/c78679226.lua,16,78679226,Future Silence,s.target,"ffa3,ffa4,tag",active,active,accepted; the special-summon group-size gate does not apply,LIMITATION: no full card-effect outcome was run in this PLAYER_ALL matrix,source/API review only; no card outcome claimed,"Duel.SetOperationInfo(0,CATEGORY_DRAW,nil,0,PLAYER_ALL,1)"
4,stock,data/duel-engine-next/card-scripts/official/c78783370.lua,17,78783370,Barrel Behind the Door,s.condition,"ffa3,ffa4,tag",active,active,not an operation-info call,LIMITATION: no full card-effect outcome was run in this PLAYER_ALL matrix,source/API review only; no card outcome claimed,if ex and (cp==tp or cp==PLAYER_ALL) then return true end
4,stock,data/duel-engine-next/card-scripts/official/c78783370.lua,19,78783370,Barrel Behind the Door,s.condition,"ffa3,ffa4,tag",active,active,not an operation-info call,LIMITATION: no full card-effect outcome was run in this PLAYER_ALL matrix,source/API review only; no card outcome claimed,"return ex and (cp==tp or cp==PLAYER_ALL) and Duel.IsPlayerAffectedByEffect(tp,EFFECT_REVERSE_RECOVER)"
4,stock,data/duel-engine-next/card-scripts/official/c79106360.lua,16,79106360,Morphing Jar #2,s.target,"ffa3,ffa4,tag",active,active,accepted; the special-summon group-size gate does not apply,LIMITATION: no full card-effect outcome was run in this PLAYER_ALL matrix,source/API review only; no card outcome claimed,"Duel.SetOperationInfo(0,CATEGORY_TODECK,nil,1,PLAYER_ALL,LOCATION_MZONE)"
4,stock,data/duel-engine-next/card-scripts/official/c79106360.lua,17,79106360,Morphing Jar #2,s.target,"ffa3,ffa4,tag",active,active,accepted; no special-summon group-size gate,LIMITATION: no full card-effect outcome was run in this PLAYER_ALL matrix,source/API review only; no card outcome claimed,"Duel.SetPossibleOperationInfo(0,CATEGORY_SPECIAL_SUMMON,nil,1,PLAYER_ALL,LOCATION_DECK)"
4,stock,data/duel-engine-next/card-scripts/official/c79106360.lua,18,79106360,Morphing Jar #2,s.target,"ffa3,ffa4,tag",active,active,accepted; no special-summon group-size gate,LIMITATION: no full card-effect outcome was run in this PLAYER_ALL matrix,source/API review only; no card outcome claimed,"Duel.SetPossibleOperationInfo(0,CATEGORY_TOGRAVE,nil,1,PLAYER_ALL,LOCATION_DECK)"
4,stock,data/duel-engine-next/card-scripts/official/c82308875.lua,24,82308875,Number 7: Lucky Straight,s.target,"ffa3,ffa4,tag",active,active,accepted; no special-summon group-size gate,LIMITATION: no full card-effect outcome was run in this PLAYER_ALL matrix,source/API review only; no card outcome claimed,"Duel.SetPossibleOperationInfo(0,CATEGORY_TOGRAVE,nil,1,PLAYER_ALL,LOCATION_ONFIELD)"
4,stock,data/duel-engine-next/card-scripts/official/c82308875.lua,25,82308875,Number 7: Lucky Straight,s.target,"ffa3,ffa4,tag",active,active,accepted; no special-summon group-size gate,LIMITATION: no full card-effect outcome was run in this PLAYER_ALL matrix,source/API review only; no card outcome claimed,"Duel.SetPossibleOperationInfo(0,CATEGORY_SPECIAL_SUMMON,nil,1,PLAYER_ALL,LOCATION_HAND|LOCATION_GRAVE)"
4,stock,data/duel-engine-next/card-scripts/official/c82359538.lua,149,82359538,Enneacraft - Aiza.LEON,s.rthtg,"ffa3,ffa4,tag",active,active,accepted; the special-summon group-size gate does not apply,LIMITATION: no full card-effect outcome was run in this PLAYER_ALL matrix,source/API review only; no card outcome claimed,"Duel.SetOperationInfo(0,CATEGORY_TOHAND,nil,1,PLAYER_ALL,LOCATION_ONFIELD)"
4,overlay,packages/duel-server/domain-core/multi-scripts/c82734805.lua,20,82734805,Infernoid Tierra,s.tg,"ffa3,ffa4,tag",active,active,accepted; the special-summon group-size gate does not apply,LIMITATION: no full card-effect outcome was run in this PLAYER_ALL matrix,existing scenario files (not proof of this row): seats,"if con5 then Duel.SetOperationInfo(0,CATEGORY_DECKDES,nil,0,PLAYER_ALL,3) end"
4,stock,data/duel-engine-next/card-scripts/official/c83116692.lua,51,83116692,Doombearer Psychopompos,s.sstg,"ffa3,ffa4,tag",active,active,accepted; no special-summon group-size gate,LIMITATION: no full card-effect outcome was run in this PLAYER_ALL matrix,source/API review only; no card outcome claimed,"Duel.SetPossibleOperationInfo(0,CATEGORY_REMOVE,c,2,PLAYER_ALL,LOCATION_MZONE|LOCATION_GRAVE)"
4,stock,data/duel-engine-next/card-scripts/official/c83116692.lua,52,83116692,Doombearer Psychopompos,s.sstg,"ffa3,ffa4,tag",active,active,accepted; no special-summon group-size gate,LIMITATION: no full card-effect outcome was run in this PLAYER_ALL matrix,source/API review only; no card outcome claimed,"Duel.SetPossibleOperationInfo(0,CATEGORY_TOGRAVE,c,2,PLAYER_ALL,LOCATION_MZONE)"
4,stock,data/duel-engine-next/card-scripts/official/c84425220.lua,96,84425220,Armed Dragon LV10 White,s.destg,"ffa3,ffa4,tag",active,active,accepted; the special-summon group-size gate does not apply,LIMITATION: no full card-effect outcome was run in this PLAYER_ALL matrix,source/API review only; no card outcome claimed,"Duel.SetOperationInfo(0,CATEGORY_DESTROY,g,1,PLAYER_ALL,LOCATION_ONFIELD)"
4,stock,data/duel-engine-next/card-scripts/official/c84677654.lua,24,84677654,BIG Win!?,s.target,"ffa3,ffa4,tag",active,active,accepted; the special-summon group-size gate does not apply,LIMITATION: no full card-effect outcome was run in this PLAYER_ALL matrix,source/API review only; no card outcome claimed,"Duel.SetOperationInfo(0,CATEGORY_COIN,nil,0,PLAYER_ALL,2)"
4,overlay,packages/duel-server/domain-core/multi-scripts/c85862791.lua,5,85862791,Fighting Dirty,s.target,"ffa3,ffa4,tag",active,active,accepted; the special-summon group-size gate does not apply,LIMITATION: no full card-effect outcome was run in this PLAYER_ALL matrix,source/API review only; no card outcome claimed,"Duel.SetOperationInfo(0,CATEGORY_DRAW,nil,0,PLAYER_ALL,2)"
4,stock,data/duel-engine-next/card-scripts/official/c87897777.lua,48,87897777,Vaylantz Mad Marquess,s.spcon,"ffa3,ffa4,tag",active,active,not an operation-info call,LIMITATION: no full card-effect outcome was run in this PLAYER_ALL matrix,source/API review only; no card outcome claimed,"return Duel.IsEnvironment(CARD_VALIANTS_KOENIGWISSEN,PLAYER_ALL,LOCATION_FZONE)"
4,stock,data/duel-engine-next/card-scripts/official/c88406570.lua,50,88406570,Gouki Destroy Ogre,s.sptg,"ffa3,ffa4,tag",active,active,accepted; no group object,LIMITATION: no full card-effect outcome was run in this PLAYER_ALL matrix,source/API review only; no card outcome claimed,"Duel.SetOperationInfo(0,CATEGORY_SPECIAL_SUMMON,nil,2,PLAYER_ALL,LOCATION_GRAVE)"
4,stock,data/duel-engine-next/card-scripts/official/c88836438.lua,50,88836438,Spright Smashers,s.actcost,"ffa3,ffa4,tag",active,active,accepted; the special-summon group-size gate does not apply,LIMITATION: no full card-effect outcome was run in this PLAYER_ALL matrix,source/API review only; no card outcome claimed,"Duel.SetOperationInfo(0,CATEGORY_REMOVE,rg-cg,2,PLAYER_ALL,LOCATION_ONFIELD)"
4,stock,data/duel-engine-next/card-scripts/official/c88919365.lua,49,88919365,Hojo the Vaylantz Warrior,s.spcon,"ffa3,ffa4,tag",active,active,not an operation-info call,LIMITATION: no full card-effect outcome was run in this PLAYER_ALL matrix,source/API review only; no card outcome claimed,"return Duel.IsEnvironment(CARD_VALIANTS_SHINRABANSHO,PLAYER_ALL,LOCATION_FZONE)"
4,overlay,packages/duel-server/domain-core/multi-scripts/c89462956.lua,6,89462956,Dealer's Choice,s.target,"ffa3,ffa4,tag",active,active,accepted; the special-summon group-size gate does not apply,LIMITATION: no full card-effect outcome was run in this PLAYER_ALL matrix,source/API review only; no card outcome claimed,"Duel.SetOperationInfo(0,CATEGORY_HANDES,nil,0,PLAYER_ALL,1)"
4,overlay,packages/duel-server/domain-core/multi-scripts/c89462956.lua,7,89462956,Dealer's Choice,s.target,"ffa3,ffa4,tag",active,active,accepted; the special-summon group-size gate does not apply,LIMITATION: no full card-effect outcome was run in this PLAYER_ALL matrix,source/API review only; no card outcome claimed,"Duel.SetOperationInfo(0,CATEGORY_DRAW,nil,0,PLAYER_ALL,1)"
4,stock,data/duel-engine-next/card-scripts/official/c89563150.lua,20,89563150,Shining Silver Force,s.discon,"ffa3,ffa4,tag",active,active,not an operation-info call,LIMITATION: no full card-effect outcome was run in this PLAYER_ALL matrix,source/API review only; no card outcome claimed,"return ex and ((cp~=PLAYER_ALL and Duel.IsPlayerAffectedByEffect(cp,EFFECT_REVERSE_RECOVER)) or"
4,stock,data/duel-engine-next/card-scripts/official/c89563150.lua,21,89563150,Shining Silver Force,s.discon,"ffa3,ffa4,tag",active,active,not an operation-info call,LIMITATION: no full card-effect outcome was run in this PLAYER_ALL matrix,source/API review only; no card outcome claimed,"(cp==PLAYER_ALL and (Duel.IsPlayerAffectedByEffect(0,EFFECT_REVERSE_RECOVER) or Duel.IsPlayerAffectedByEffect(1,EFFECT_REVERSE_RECOVER))))"
4,stock,data/duel-engine-next/card-scripts/official/c89875646.lua,49,89875646,Triple Borrel Launch,s.target,"ffa3,ffa4,tag",active,active,accepted; the special-summon group-size gate does not apply,LIMITATION: no full card-effect outcome was run in this PLAYER_ALL matrix,source/API review only; no card outcome claimed,"Duel.SetOperationInfo(0,CATEGORY_TODECK,nil,4,PLAYER_ALL,LOCATION_GRAVE)"
4,stock,data/duel-engine-next/card-scripts/official/c91237821.lua,45,91237821,Clown Crew Fiends,s.efftg,"ffa3,ffa4,tag",active,active,accepted; the special-summon group-size gate does not apply,LIMITATION: no full card-effect outcome was run in this PLAYER_ALL matrix,source/API review only; no card outcome claimed,"Duel.SetOperationInfo(0,CATEGORY_TOEXTRA,nil,1,PLAYER_ALL,LOCATION_MZONE|LOCATION_GRAVE)"
4,overlay,packages/duel-server/domain-core/multi-scripts/c92219931.lua,5,92219931,Simultaneous Loss,s.discost,"ffa3,ffa4,tag",active,active,accepted; the special-summon group-size gate does not apply,LIMITATION: no full card-effect outcome was run in this PLAYER_ALL matrix,source/API review only; no card outcome claimed,"Duel.SetOperationInfo(0,CATEGORY_DECKDES,nil,0,PLAYER_ALL,1)"
4,stock,data/duel-engine-next/card-scripts/official/c92519087.lua,52,92519087,Virtual World Kyubi - Shenshen,s.tgtg,"ffa3,ffa4,tag",active,active,accepted; the special-summon group-size gate does not apply,LIMITATION: no full card-effect outcome was run in this PLAYER_ALL matrix,source/API review only; no card outcome claimed,"Duel.SetOperationInfo(0,CATEGORY_TOGRAVE,nil,1,PLAYER_ALL,LOCATION_REMOVED)"
4,stock,data/duel-engine-next/card-scripts/official/c92644052.lua,112,92644052,Performapal Duelist Extraordinaire,s.rmtg,"ffa3,ffa4,tag",active,active,accepted; no special-summon group-size gate,LIMITATION: no full card-effect outcome was run in this PLAYER_ALL matrix,source/API review only; no card outcome claimed,"Duel.SetPossibleOperationInfo(0,CATEGORY_REMOVE,nil,1,PLAYER_ALL,LOCATION_DECK)"
4,stock,data/duel-engine-next/card-scripts/official/c93039339.lua,72,93039339,Super Starslayer TY-PHON - Sky Crisis,s.thtg,"ffa3,ffa4,tag",active,active,accepted; the special-summon group-size gate does not apply,LIMITATION: no full card-effect outcome was run in this PLAYER_ALL matrix,existing scenario files (not proof of this row): r2-nochange,"Duel.SetOperationInfo(0,CATEGORY_TOHAND,nil,1,PLAYER_ALL,LOCATION_MZONE)"
4,stock,data/duel-engine-next/card-scripts/official/c93172951.lua,54,93172951,Clown Crew Meteor,s.efftg,"ffa3,ffa4,tag",active,active,accepted; the special-summon group-size gate does not apply,LIMITATION: no full card-effect outcome was run in this PLAYER_ALL matrix,source/API review only; no card outcome claimed,"Duel.SetOperationInfo(0,CATEGORY_TOEXTRA,nil,1,PLAYER_ALL,LOCATION_MZONE|LOCATION_GRAVE)"
4,stock,data/duel-engine-next/card-scripts/official/c94207108.lua,92,94207108,Marincess Wonder Heart,s.eqop,"ffa3,ffa4,tag",active,active,not an operation-info call,LIMITATION: no full card-effect outcome was run in this PLAYER_ALL matrix,source/API review only; no card outcome claimed,"Duel.Hint(HINT_CARD,PLAYER_ALL,id)"
4,stock,data/duel-engine-next/card-scripts/official/c94431029.lua,19,94431029,Pinpoint Dash,s.target,"ffa3,ffa4,tag",active,active,accepted; no group object,LIMITATION: no full card-effect outcome was run in this PLAYER_ALL matrix,source/API review only; no card outcome claimed,"Duel.SetOperationInfo(0,CATEGORY_SPECIAL_SUMMON,nil,1,PLAYER_ALL,LOCATION_EXTRA)"
4,stock,data/duel-engine-next/card-scripts/official/c94431029.lua,20,94431029,Pinpoint Dash,s.target,"ffa3,ffa4,tag",active,active,accepted; the special-summon group-size gate does not apply,LIMITATION: no full card-effect outcome was run in this PLAYER_ALL matrix,source/API review only; no card outcome claimed,"Duel.SetOperationInfo(0,CATEGORY_TOGRAVE,nil,1,PLAYER_ALL,LOCATION_EXTRA)"
4,stock,data/duel-engine-next/card-scripts/official/c94467314.lua,38,94467314,Rain of Frogs,s.target,"ffa3,ffa4,tag",active,active,accepted; the special-summon group-size gate does not apply,LIMITATION: no full card-effect outcome was run in this PLAYER_ALL matrix,source/API review only; no card outcome claimed,"Duel.SetOperationInfo(0,CATEGORY_TOGRAVE,nil,1,PLAYER_ALL,LOCATION_MZONE)"
4,stock,data/duel-engine-next/card-scripts/official/c95472621.lua,27,95472621,Big Burn,s.target,"ffa3,ffa4,tag",active,active,accepted; the special-summon group-size gate does not apply,LIMITATION: no full card-effect outcome was run in this PLAYER_ALL matrix,source/API review only; no card outcome claimed,"Duel.SetOperationInfo(0,CATEGORY_REMOVE,nil,1,PLAYER_ALL,LOCATION_MZONE)"
4,stock,data/duel-engine-next/card-scripts/official/c95472621.lua,29,95472621,Big Burn,s.target,"ffa3,ffa4,tag",active,active,accepted; the special-summon group-size gate does not apply,LIMITATION: no full card-effect outcome was run in this PLAYER_ALL matrix,source/API review only; no card outcome claimed,"Duel.SetOperationInfo(0,CATEGORY_REMOVE,nil,1,PLAYER_ALL,LOCATION_GRAVE)"
4,stock,data/duel-engine-next/card-scripts/official/c95589901.lua,32,95589901,Mischief of the Wolves,s.target,"ffa3,ffa4,tag",active,active,accepted; the special-summon group-size gate does not apply,LIMITATION: no full card-effect outcome was run in this PLAYER_ALL matrix,source/API review only; no card outcome claimed,"Duel.SetOperationInfo(0,CATEGORY_LVCHANGE,nil,1,PLAYER_ALL,LOCATION_MZONE)"
4,stock,data/duel-engine-next/card-scripts/official/c95937545.lua,70,95937545,Golden Allure Queen,s.destg,"ffa3,ffa4,tag",active,active,accepted; the special-summon group-size gate does not apply,LIMITATION: no full card-effect outcome was run in this PLAYER_ALL matrix,source/API review only; no card outcome claimed,"Duel.SetOperationInfo(0,CATEGORY_DESTROY,g,1,PLAYER_ALL,LOCATION_ONFIELD)"
4,stock,data/duel-engine-next/card-scripts/official/c97417863.lua,102,97417863,D/D/D/D Super-Dimensional Sovereign Emperor Zero Paradox,s.sptg,"ffa3,ffa4,tag",active,active,accepted; the special-summon group-size gate does not apply,LIMITATION: no full card-effect outcome was run in this PLAYER_ALL matrix,source/API review only; no card outcome claimed,"Duel.SetOperationInfo(0,CATEGORY_DESTROY,g,#g,PLAYER_ALL,LOCATION_ONFIELD)"
4,stock,data/duel-engine-next/card-scripts/official/c97697447.lua,34,97697447,Abyss-strom,s.target,"ffa3,ffa4,tag",active,active,accepted; the special-summon group-size gate does not apply,LIMITATION: no full card-effect outcome was run in this PLAYER_ALL matrix,source/API review only; no card outcome claimed,"Duel.SetOperationInfo(0,CATEGORY_TOGRAVE,nil,1,PLAYER_ALL,LOCATION_ONFIELD)"
4,stock,data/duel-engine-next/card-scripts/official/c98570539.lua,18,98570539,Dream Mirror of Chaos,s.fextra,"ffa3,ffa4,tag",active,active,not an operation-info call,LIMITATION: no full card-effect outcome was run in this PLAYER_ALL matrix,source/API review only; no card outcome claimed,"local joy=Duel.IsEnvironment(CARD_DREAM_MIRROR_JOY,PLAYER_ALL,LOCATION_FZONE)"
4,stock,data/duel-engine-next/card-scripts/official/c98570539.lua,19,98570539,Dream Mirror of Chaos,s.fextra,"ffa3,ffa4,tag",active,active,not an operation-info call,LIMITATION: no full card-effect outcome was run in this PLAYER_ALL matrix,source/API review only; no card outcome claimed,"local terror=Duel.IsEnvironment(CARD_DREAM_MIRROR_TERROR,PLAYER_ALL,LOCATION_FZONE) and not Duel.IsPlayerAffectedByEffect(tp,CARD_SPIRIT_ELIMINATION)"
4,stock,data/duel-engine-next/card-scripts/official/c99092624.lua,37,99092624,Blooming of the Darkest Rose,s.target,"ffa3,ffa4,tag",active,active,accepted; no group object,LIMITATION: no full card-effect outcome was run in this PLAYER_ALL matrix,source/API review only; no card outcome claimed,"Duel.SetOperationInfo(0,CATEGORY_SPECIAL_SUMMON,nil,0,PLAYER_ALL,0)"
4,stock,data/duel-engine-next/card-scripts/official/c99092624.lua,38,99092624,Blooming of the Darkest Rose,s.target,"ffa3,ffa4,tag",active,active,accepted; the special-summon group-size gate does not apply,LIMITATION: no full card-effect outcome was run in this PLAYER_ALL matrix,source/API review only; no card outcome claimed,"Duel.SetOperationInfo(0,CATEGORY_TOKEN,nil,0,PLAYER_ALL,0)"
4,stock,data/duel-engine-next/card-scripts/official/c99307040.lua,76,99307040,Horus the Black Flame Deity,s.sptg,"ffa3,ffa4,tag",active,active,accepted; no special-summon group-size gate,LIMITATION: no full card-effect outcome was run in this PLAYER_ALL matrix,source/API review only; no card outcome claimed,"Duel.SetPossibleOperationInfo(0,CATEGORY_TOGRAVE,nil,1,PLAYER_ALL,LOCATION_MZONE)"
5,stock,data/duel-engine-next/card-scripts/cards_specific_functions.lua,819,,,Cyberdark.EquipTarget_NTG,"ffa3,ffa4,tag",active,active,not an operation-info call,helper or constant; no independent card outcome,source/API review; callers need card outcomes,player=PLAYER_ALL
5,stock,data/duel-engine-next/card-scripts/constant.lua,242,,,top level,"ffa3,ffa4,tag",active,active,not an operation-info call,helper or constant; no independent card outcome,source/API review; callers need card outcomes,PLAYER_ALL     = 3
5,stock,data/duel-engine-next/card-scripts/proc_equip.lua,40,,,Auxiliary.EquipFilter,"ffa3,ffa4,tag",active,active,not an operation-info call,helper or constant; no independent card outcome,source/API review; callers need card outcomes,"return (p==PLAYER_ALL or c:IsControler(p)) and c:IsFaceup() and (not f or f(c,e,tp))"
5,stock,data/duel-engine-next/card-scripts/proc_equip.lua,49,,,Auxiliary.EquipTarget,"ffa3,ffa4,tag",active,active,not an operation-info call,helper or constant; no independent card outcome,source/API review; callers need card outcomes,elseif p==PLAYER_ALL or p==nil then
5,stock,data/duel-engine-next/card-scripts/proc_equip.lua,50,,,Auxiliary.EquipTarget,"ffa3,ffa4,tag",active,active,not an operation-info call,helper or constant; no independent card outcome,source/API review; callers need card outcomes,player=PLAYER_ALL
5,stock,data/duel-engine-next/card-scripts/proc_persistent.lua,50,,,Auxiliary.PersistentFilter,"ffa3,ffa4,tag",active,active,not an operation-info call,helper or constant; no independent card outcome,source/API review; callers need card outcomes,"return (p==PLAYER_ALL or c:IsControler(p)) and (not f or f(c,e,tp)) and (not tg or tg(e,tp,eg,ep,ev,re,r,rp,c,0))"
5,stock,data/duel-engine-next/card-scripts/proc_persistent.lua,59,,,Auxiliary.PersistentTarget,"ffa3,ffa4,tag",active,active,not an operation-info call,helper or constant; no independent card outcome,source/API review; callers need card outcomes,elseif p==PLAYER_ALL or p==nil then
5,stock,data/duel-engine-next/card-scripts/proc_persistent.lua,60,,,Auxiliary.PersistentTarget,"ffa3,ffa4,tag",active,active,not an operation-info call,helper or constant; no independent card outcome,source/API review; callers need card outcomes,player=PLAYER_ALL
5,stock,data/duel-engine-next/card-scripts/utility.lua,1381,,,Auxiliary.damcon1,"ffa3,ffa4,tag",active,active,not an operation-info call,helper or constant; no independent card outcome,source/API review; callers need card outcomes,"if ex and (cp==tp or cp==PLAYER_ALL) and not rd and not Duel.IsPlayerAffectedByEffect(tp,EFFECT_NO_EFFECT_DAMAGE) then"
5,stock,data/duel-engine-next/card-scripts/utility.lua,1385,,,Auxiliary.damcon1,"ffa3,ffa4,tag",active,active,not an operation-info call,helper or constant; no independent card outcome,source/API review; callers need card outcomes,"return ex and (cp==tp or cp==PLAYER_ALL) and rr and not Duel.IsPlayerAffectedByEffect(tp,EFFECT_NO_EFFECT_DAMAGE)"
6,stock,data/duel-engine-next/card-scripts/proc_equip.lua,3,,,Auxiliary.AddEquipProcedure,"ffa3,ffa4,tag",comment,comment,not an operation-info call,excluded from active outcomes: comment,source and database/ban/overlay check,"--Note: p==0 is check equip spell controler, p==1 for opponent's, PLAYER_ALL for both player's monsters"
6,stock,data/duel-engine-next/card-scripts/proc_persistent.lua,4,,,Auxiliary.AddPersistentProcedure,"ffa3,ffa4,tag",comment,comment,not an operation-info call,excluded from active outcomes: comment,source and database/ban/overlay check,"--Note: p==0 is check persistent trap controler, p==1 for opponent's, PLAYER_ALL for both player's monsters"
6,stock,data/duel-engine-next/card-scripts/official/c2139640.lua,15,2139640,Amabie,s.initial_effect,"ffa3,ffa4,tag",overridden stock function,stock function replaced by overlay,accepted; the special-summon group-size gate does not apply,excluded from active outcomes: overridden stock function,source and database/ban/overlay check,"Duel.SetOperationInfo(0,CATEGORY_RECOVER,nil,0,PLAYER_ALL,300)end)"
6,stock,data/duel-engine-next/card-scripts/official/c2665273.lua,39,2665273,"Jormungandr, Generaider Boss of Eternity",s.target,"ffa3,ffa4,tag",overridden stock function,stock function replaced by overlay,accepted; the special-summon group-size gate does not apply,excluded from active outcomes: overridden stock function,source and database/ban/overlay check,"Duel.SetOperationInfo(0,CATEGORY_DRAW,nil,0,PLAYER_ALL,1)"
6,stock,data/duel-engine-next/card-scripts/official/c5611760.lua,41,5611760,Rainbow Bridge of Salvation,s.tdtg,"ffa3,ffa4,tag",overridden stock function,stock function replaced by overlay,accepted; the special-summon group-size gate does not apply,excluded from active outcomes: overridden stock function,source and database/ban/overlay check,"Duel.SetOperationInfo(0,CATEGORY_DRAW,nil,0,PLAYER_ALL,5)"
6,stock,data/duel-engine-next/card-scripts/official/c9418365.lua,65,9418365,Bujin Hirume,s.hdtg,"ffa3,ffa4,tag",overridden stock function,stock function replaced by overlay,accepted; the special-summon group-size gate does not apply,excluded from active outcomes: overridden stock function,source and database/ban/overlay check,"Duel.SetOperationInfo(0,CATEGORY_HANDES,nil,0,PLAYER_ALL,1)"
6,stock,data/duel-engine-next/card-scripts/unofficial/c100000025.lua,20,100000025,,s.extratg,"ffa3,ffa4,tag",not in database,not in card database,accepted; the special-summon group-size gate does not apply,excluded from active outcomes: not in database,source and database/ban/overlay check,"Duel.SetOperationInfo(0,CATEGORY_REMOVE,nil,1,PLAYER_ALL,LOCATION_GRAVE)"
6,stock,data/duel-engine-next/card-scripts/unofficial/c100000073.lua,34,100000073,,s.target,"ffa3,ffa4,tag",not in database,not in card database,accepted; the special-summon group-size gate does not apply,excluded from active outcomes: not in database,source and database/ban/overlay check,"Duel.SetOperationInfo(0,CATEGORY_TOGRAVE,nil,2,PLAYER_ALL,LOCATION_MZONE)"
6,stock,data/duel-engine-next/card-scripts/unofficial/c100000113.lua,26,100000113,,s.target,"ffa3,ffa4,tag",not in database,not in card database,accepted; the special-summon group-size gate does not apply,excluded from active outcomes: not in database,source and database/ban/overlay check,"Duel.SetOperationInfo(0,CATEGORY_DAMAGE,nil,0,PLAYER_ALL,tc:GetAttack())"
6,stock,data/duel-engine-next/card-scripts/unofficial/c100000114.lua,33,100000114,,s.ddtg,"ffa3,ffa4,tag",not in database,not in card database,accepted; the special-summon group-size gate does not apply,excluded from active outcomes: not in database,source and database/ban/overlay check,"Duel.SetOperationInfo(0,CATEGORY_DECKDES,nil,0,PLAYER_ALL,ct)"
6,stock,data/duel-engine-next/card-scripts/unofficial/c100000219.lua,19,100000219,,s.damtg,"ffa3,ffa4,tag",not in database,not in card database,accepted; the special-summon group-size gate does not apply,excluded from active outcomes: not in database,source and database/ban/overlay check,"Duel.SetOperationInfo(0,CATEGORY_DAMAGE,nil,0,PLAYER_ALL,dam)"
6,stock,data/duel-engine-next/card-scripts/unofficial/c100000228.lua,25,100000228,,s.target,"ffa3,ffa4,tag",not in database,not in card database,accepted; the special-summon group-size gate does not apply,excluded from active outcomes: not in database,source and database/ban/overlay check,"Duel.SetOperationInfo(0,CATEGORY_DISABLE,nil,1,PLAYER_ALL,LOCATION_MZONE)"
6,stock,data/duel-engine-next/card-scripts/unofficial/c100000242.lua,46,100000242,,s.damtg,"ffa3,ffa4,tag",not in database,not in card database,accepted; the special-summon group-size gate does not apply,excluded from active outcomes: not in database,source and database/ban/overlay check,"Duel.SetOperationInfo(0,CATEGORY_DAMAGE,nil,0,PLAYER_ALL,tc:GetLevel()*100)"
6,stock,data/duel-engine-next/card-scripts/unofficial/c100000360.lua,22,100000360,,s.target,"ffa3,ffa4,tag",not in database,not in card database,accepted; the special-summon group-size gate does not apply,excluded from active outcomes: not in database,source and database/ban/overlay check,"Duel.SetOperationInfo(0,CATEGORY_DAMAGE,nil,0,PLAYER_ALL,800)"
6,stock,data/duel-engine-next/card-scripts/unofficial/c100100044.lua,20,100100044,,s.target,"ffa3,ffa4,tag",not in database,not in card database,accepted; the special-summon group-size gate does not apply,excluded from active outcomes: not in database,source and database/ban/overlay check,"Duel.SetOperationInfo(0,CATEGORY_DAMAGE,nil,0,PLAYER_ALL,500)"
6,stock,data/duel-engine-next/card-scripts/unofficial/c100100079.lua,27,100100079,,s.target,"ffa3,ffa4,tag",not in database,not in card database,accepted; the special-summon group-size gate does not apply,excluded from active outcomes: not in database,source and database/ban/overlay check,"Duel.SetOperationInfo(0,CATEGORY_HANDES,nil,0,PLAYER_ALL,1)"
6,stock,data/duel-engine-next/card-scripts/unofficial/c100100079.lua,28,100100079,,s.target,"ffa3,ffa4,tag",not in database,not in card database,accepted; the special-summon group-size gate does not apply,excluded from active outcomes: not in database,source and database/ban/overlay check,"Duel.SetOperationInfo(0,CATEGORY_DRAW,nil,0,PLAYER_ALL,1)"
6,stock,data/duel-engine-next/card-scripts/unofficial/c100100104.lua,25,100100104,,s.target,"ffa3,ffa4,tag",not in database,not in card database,accepted; the special-summon group-size gate does not apply,excluded from active outcomes: not in database,source and database/ban/overlay check,"Duel.SetOperationInfo(0,CATEGORY_DAMAGE,nil,0,PLAYER_ALL,#g*300)"
6,stock,data/duel-engine-next/card-scripts/unofficial/c100100515.lua,38,100100515,,s.target,"ffa3,ffa4,tag",not in database,not in card database,accepted; no group object,excluded from active outcomes: not in database,source and database/ban/overlay check,"Duel.SetOperationInfo(0,CATEGORY_SPECIAL_SUMMON,nil,1,PLAYER_ALL,0x13)"
6,stock,data/duel-engine-next/card-scripts/pre-release/c100458024.lua,84,100458024,,s.efftg,"ffa3,ffa4,tag",not in database,not in card database,not an operation-info call,excluded from active outcomes: not in database,source and database/ban/overlay check,local player=choice==1 and PLAYER_ALL or tp
6,stock,data/duel-engine-next/card-scripts/pre-release/c100459005.lua,70,100459005,,s.sptg,"ffa3,ffa4,tag",not in database,not in card database,accepted; no special-summon group-size gate,excluded from active outcomes: not in database,source and database/ban/overlay check,"Duel.SetPossibleOperationInfo(0,CATEGORY_DESTROY,nil,1,PLAYER_ALL,LOCATION_MZONE)"
6,stock,data/duel-engine-next/card-scripts/pre-release/c101403023.lua,68,101403023,,s.rthdrawtg,"ffa3,ffa4,tag",not in database,not in card database,accepted; the special-summon group-size gate does not apply,excluded from active outcomes: not in database,source and database/ban/overlay check,"Duel.SetOperationInfo(0,CATEGORY_DRAW,nil,0,PLAYER_ALL,1)"
6,stock,data/duel-engine-next/card-scripts/pre-release/c101403052.lua,76,101403052,,s.damtg,"ffa3,ffa4,tag",not in database,not in card database,not an operation-info call,excluded from active outcomes: not in database,source and database/ban/overlay check,if dg_opp and dg_self then players=PLAYER_ALL end
6,stock,data/duel-engine-next/card-scripts/pre-release/c101403072.lua,56,101403072,,s.target,"ffa3,ffa4,tag",not in database,not in card database,accepted; no special-summon group-size gate,excluded from active outcomes: not in database,source and database/ban/overlay check,"Duel.SetPossibleOperationInfo(0,CATEGORY_SPECIAL_SUMMON,nil,2,PLAYER_ALL,LOCATION_GRAVE)"
6,stock,data/duel-engine-next/card-scripts/official/c10485110.lua,59,10485110,Ocean Dragon Lord - Neo-Daedalus,s.tgtg,"ffa3,ffa4,tag",overridden stock function,active,accepted; the special-summon group-size gate does not apply,excluded from active outcomes: overridden stock function,source and database/ban/overlay check,"Duel.SetOperationInfo(0,CATEGORY_TOGRAVE,nil,1,PLAYER_ALL,LOCATION_HAND|LOCATION_ONFIELD)"
6,stock,data/duel-engine-next/card-scripts/unofficial/c110000110.lua,24,110000110,,s.destg,"ffa3,ffa4,tag",not in database,not in card database,accepted; the special-summon group-size gate does not apply,excluded from active outcomes: not in database,source and database/ban/overlay check,"Duel.SetOperationInfo(0,CATEGORY_DAMAGE,nil,0,PLAYER_ALL,0)"
6,stock,data/duel-engine-next/card-scripts/official/c14057297.lua,23,14057297,Multiple Destruction,s.target,,forbidden all formats,forbidden all formats,accepted; the special-summon group-size gate does not apply,excluded from active outcomes: forbidden all formats,source and database/ban/overlay check,"Duel.SetOperationInfo(0,CATEGORY_DRAW,nil,0,PLAYER_ALL,5)"
6,stock,data/duel-engine-next/card-scripts/unofficial/c150000001.lua,16,150000001,,s.condition,"ffa3,ffa4,tag",not in database,not in card database,not an operation-info call,excluded from active outcomes: not in database,source and database/ban/overlay check,if ex and (cp==tp or cp==PLAYER_ALL) then return true end
6,stock,data/duel-engine-next/card-scripts/unofficial/c150000001.lua,18,150000001,,s.condition,"ffa3,ffa4,tag",not in database,not in card database,not an operation-info call,excluded from active outcomes: not in database,source and database/ban/overlay check,"return ex and (cp==tp or cp==PLAYER_ALL) and Duel.IsPlayerAffectedByEffect(tp,EFFECT_REVERSE_RECOVER)"
6,stock,data/duel-engine-next/card-scripts/unofficial/c150000101.lua,29,150000101,,s.target,"ffa3,ffa4,tag",not in database,not in card database,not an operation-info call,excluded from active outcomes: not in database,source and database/ban/overlay check,"if not (ex and (cp==tp or cp==PLAYER_ALL) and not rd and not Duel.IsPlayerAffectedByEffect(tp,EFFECT_NO_EFFECT_DAMAGE)) then"
6,stock,data/duel-engine-next/card-scripts/unofficial/c150000110.lua,29,150000110,,s.target,"ffa3,ffa4,tag",not in database,not in card database,not an operation-info call,excluded from active outcomes: not in database,source and database/ban/overlay check,"if not (ex and (cp==tp or cp==PLAYER_ALL) and not rd and not Duel.IsPlayerAffectedByEffect(tp,EFFECT_NO_EFFECT_DAMAGE)) then"
6,stock,data/duel-engine-next/card-scripts/rush/c160007055.lua,17,160007055,,s.tgtg,"ffa3,ffa4,tag",not in database,not in card database,accepted; the special-summon group-size gate does not apply,excluded from active outcomes: not in database,source and database/ban/overlay check,"Duel.SetOperationInfo(0,CATEGORY_HANDES,nil,0,PLAYER_ALL,1)"
6,stock,data/duel-engine-next/card-scripts/rush/c160010045.lua,25,160010045,,s.destg,"ffa3,ffa4,tag",not in database,not in card database,accepted; the special-summon group-size gate does not apply,excluded from active outcomes: not in database,source and database/ban/overlay check,"Duel.SetOperationInfo(0,CATEGORY_DESTROY,nil,2,PLAYER_ALL,LOCATION_MZONE)"
6,stock,data/duel-engine-next/card-scripts/rush/c160011020.lua,27,160011020,,s.drtg,"ffa3,ffa4,tag",not in database,not in card database,accepted; the special-summon group-size gate does not apply,excluded from active outcomes: not in database,source and database/ban/overlay check,"Duel.SetOperationInfo(0,CATEGORY_DRAW,nil,0,PLAYER_ALL,1)"
6,stock,data/duel-engine-next/card-scripts/rush/c160011024.lua,30,160011024,,s.target,"ffa3,ffa4,tag",not in database,not in card database,accepted; the special-summon group-size gate does not apply,excluded from active outcomes: not in database,source and database/ban/overlay check,"Duel.SetOperationInfo(0,CATEGORY_HANDES,nil,0,PLAYER_ALL,1)"
6,stock,data/duel-engine-next/card-scripts/rush/c160013019.lua,30,160013019,,s.target,"ffa3,ffa4,tag",not in database,not in card database,accepted; the special-summon group-size gate does not apply,excluded from active outcomes: not in database,source and database/ban/overlay check,"Duel.SetOperationInfo(0,CATEGORY_DESTROY,nil,1,PLAYER_ALL,LOCATION_ONFIELD)"
6,stock,data/duel-engine-next/card-scripts/rush/c160014005.lua,25,160014005,,s.target,"ffa3,ffa4,tag",not in database,not in card database,accepted; the special-summon group-size gate does not apply,excluded from active outcomes: not in database,source and database/ban/overlay check,"Duel.SetOperationInfo(0,CATEGORY_TODECK,nil,3,PLAYER_ALL,LOCATION_GRAVE)"
6,stock,data/duel-engine-next/card-scripts/rush/c160017037.lua,36,160017037,,s.target,"ffa3,ffa4,tag",not in database,not in card database,accepted; the special-summon group-size gate does not apply,excluded from active outcomes: not in database,source and database/ban/overlay check,"Duel.SetOperationInfo(0,CATEGORY_DRAW,nil,0,PLAYER_ALL,1)"
6,stock,data/duel-engine-next/card-scripts/rush/c160019044.lua,33,160019044,,s.target,"ffa3,ffa4,tag",not in database,not in card database,accepted; the special-summon group-size gate does not apply,excluded from active outcomes: not in database,source and database/ban/overlay check,"Duel.SetOperationInfo(0,CATEGORY_DECKDES,nil,0,PLAYER_ALL,3)"
6,stock,data/duel-engine-next/card-scripts/rush/c160202048.lua,21,160202048,,s.target,"ffa3,ffa4,tag",not in database,not in card database,accepted; the special-summon group-size gate does not apply,excluded from active outcomes: not in database,source and database/ban/overlay check,"Duel.SetOperationInfo(0,CATEGORY_HANDES,nil,0,PLAYER_ALL,1)"
6,stock,data/duel-engine-next/card-scripts/rush/c160202048.lua,22,160202048,,s.target,"ffa3,ffa4,tag",not in database,not in card database,accepted; the special-summon group-size gate does not apply,excluded from active outcomes: not in database,source and database/ban/overlay check,"Duel.SetOperationInfo(0,CATEGORY_DRAW,nil,0,PLAYER_ALL,1)"
6,stock,data/duel-engine-next/card-scripts/rush/c160203010.lua,24,160203010,,s.drtg,"ffa3,ffa4,tag",not in database,not in card database,accepted; the special-summon group-size gate does not apply,excluded from active outcomes: not in database,source and database/ban/overlay check,"Duel.SetOperationInfo(0,CATEGORY_HANDES,nil,0,PLAYER_ALL,1)"
6,stock,data/duel-engine-next/card-scripts/rush/c160203010.lua,25,160203010,,s.drtg,"ffa3,ffa4,tag",not in database,not in card database,accepted; the special-summon group-size gate does not apply,excluded from active outcomes: not in database,source and database/ban/overlay check,"Duel.SetOperationInfo(0,CATEGORY_DRAW,nil,0,PLAYER_ALL,1)"
6,stock,data/duel-engine-next/card-scripts/rush/c160207001.lua,28,160207001,,s.target,"ffa3,ffa4,tag",not in database,not in card database,accepted; the special-summon group-size gate does not apply,excluded from active outcomes: not in database,source and database/ban/overlay check,"Duel.SetOperationInfo(0,CATEGORY_TODECK,nil,3,PLAYER_ALL,LOCATION_GRAVE)"
6,stock,data/duel-engine-next/card-scripts/rush/c160402020.lua,19,160402020,,s.target,"ffa3,ffa4,tag",not in database,not in card database,accepted; the special-summon group-size gate does not apply,excluded from active outcomes: not in database,source and database/ban/overlay check,"Duel.SetOperationInfo(0,CATEGORY_DECKDES,nil,0,PLAYER_ALL,2)"
6,stock,data/duel-engine-next/card-scripts/rush/c160407001.lua,17,160407001,,s.target,"ffa3,ffa4,tag",not in database,not in card database,accepted; the special-summon group-size gate does not apply,excluded from active outcomes: not in database,source and database/ban/overlay check,"Duel.SetOperationInfo(0,CATEGORY_RECOVER,nil,0,PLAYER_ALL,300)"
6,stock,data/duel-engine-next/card-scripts/rush/c160449003.lua,30,160449003,,s.target,"ffa3,ffa4,tag",not in database,not in card database,accepted; the special-summon group-size gate does not apply,excluded from active outcomes: not in database,source and database/ban/overlay check,"Duel.SetOperationInfo(0,CATEGORY_RECOVER,nil,0,PLAYER_ALL,1000)"
6,stock,data/duel-engine-next/card-scripts/official/c17449108.lua,27,17449108,Nobleman of Extermination,s.target,"ffa3,ffa4,tag",overridden stock function,active,accepted; no special-summon group-size gate,excluded from active outcomes: overridden stock function,source and database/ban/overlay check,"Duel.SetPossibleOperationInfo(0,CATEGORY_REMOVE,nil,1,PLAYER_ALL,LOCATION_DECK)"
6,stock,data/duel-engine-next/card-scripts/official/c18654201.lua,30,18654201,Criosphinx,s.regop,"ffa3,ffa4,tag",overridden stock function,active,not an operation-info call,excluded from active outcomes: overridden stock function,source and database/ban/overlay check,"Duel.RaiseSingleEvent(c,EVENT_CUSTOM+id,re,r,rp,PLAYER_ALL,0)"
6,stock,data/duel-engine-next/card-scripts/official/c18654201.lua,43,18654201,Criosphinx,s.hdop,"ffa3,ffa4,tag",overridden stock function,active,not an operation-info call,excluded from active outcomes: overridden stock function,source and database/ban/overlay check,if ep==PLAYER_ALL then
6,stock,data/duel-engine-next/card-scripts/official/c19491080.lua,88,19491080,Clown Crew Cappello,s.efftg,"ffa3,ffa4,tag",overridden stock function,active,accepted; the special-summon group-size gate does not apply,excluded from active outcomes: overridden stock function,source and database/ban/overlay check,"Duel.SetOperationInfo(0,CATEGORY_TODECK,nil,1,PLAYER_ALL,LOCATION_MZONE|LOCATION_EXTRA)"
6,stock,data/duel-engine-next/card-scripts/official/c21496848.lua,24,21496848,Evigishki Tetrogre,s.target,"ffa3,ffa4,tag",overridden stock function,stock function replaced by overlay,accepted; no special-summon group-size gate,excluded from active outcomes: overridden stock function,source and database/ban/overlay check,"Duel.SetPossibleOperationInfo(0,CATEGORY_TOGRAVE,nil,1,PLAYER_ALL,LOCATION_DECK)"
6,stock,data/duel-engine-next/card-scripts/official/c25926710.lua,64,25926710,Kelbek the Ancient Vanguard,s.mltg,"ffa3,ffa4,tag",overridden stock function,stock function replaced by overlay,accepted; the special-summon group-size gate does not apply,excluded from active outcomes: overridden stock function,source and database/ban/overlay check,"Duel.SetOperationInfo(0,CATEGORY_DECKDES,nil,0,PLAYER_ALL,5)"
6,stock,data/duel-engine-next/card-scripts/skill/c300309013.lua,51,300309013,,s.efftg,"ffa3,ffa4,tag",not in database,not in card database,accepted; the special-summon group-size gate does not apply,excluded from active outcomes: not in database,source and database/ban/overlay check,"Duel.SetOperationInfo(0,CATEGORY_HANDES,nil,0,PLAYER_ALL,1)"
6,stock,data/duel-engine-next/card-scripts/skill/c300309013.lua,52,300309013,,s.efftg,"ffa3,ffa4,tag",not in database,not in card database,accepted; the special-summon group-size gate does not apply,excluded from active outcomes: not in database,source and database/ban/overlay check,"Duel.SetOperationInfo(0,CATEGORY_DRAW,nil,0,PLAYER_ALL,1)"
6,stock,data/duel-engine-next/card-scripts/official/c30109445.lua,42,30109445,Clown Crew Dristy,s.efftg,"ffa3,ffa4,tag",overridden stock function,stock function replaced by overlay,accepted; the special-summon group-size gate does not apply,excluded from active outcomes: overridden stock function,source and database/ban/overlay check,"Duel.SetOperationInfo(0,CATEGORY_TOEXTRA,nil,1,PLAYER_ALL,LOCATION_MZONE|LOCATION_GRAVE)"
6,stock,data/duel-engine-next/card-scripts/official/c30109445.lua,46,30109445,Clown Crew Dristy,s.efftg,"ffa3,ffa4,tag",overridden stock function,stock function replaced by overlay,accepted; the special-summon group-size gate does not apply,excluded from active outcomes: overridden stock function,source and database/ban/overlay check,"Duel.SetOperationInfo(0,CATEGORY_TODECK,nil,1,PLAYER_ALL,LOCATION_HAND)"
6,stock,data/duel-engine-next/card-scripts/official/c30109445.lua,47,30109445,Clown Crew Dristy,s.efftg,"ffa3,ffa4,tag",overridden stock function,stock function replaced by overlay,accepted; the special-summon group-size gate does not apply,excluded from active outcomes: overridden stock function,source and database/ban/overlay check,"Duel.SetOperationInfo(0,CATEGORY_DRAW,nil,0,PLAYER_ALL,1)"
6,stock,data/duel-engine-next/card-scripts/official/c30394645.lua,58,30394645,Dogmatika Lawbringer,s.tgtg,"ffa3,ffa4,tag",overridden stock function,stock function replaced by overlay,accepted; the special-summon group-size gate does not apply,excluded from active outcomes: overridden stock function,source and database/ban/overlay check,"Duel.SetOperationInfo(0,CATEGORY_TOGRAVE,nil,2,PLAYER_ALL,LOCATION_EXTRA)"
6,stock,data/duel-engine-next/card-scripts/official/c32835363.lua,40,32835363,Cracking,s.regcon,"ffa3,ffa4,tag",overridden stock function,stock function replaced by overlay,not an operation-info call,excluded from active outcomes: overridden stock function,source and database/ban/overlay check,if d1 and d2 then evt_p=PLAYER_ALL
6,stock,data/duel-engine-next/card-scripts/official/c32835363.lua,57,32835363,Cracking,s.damop,"ffa3,ffa4,tag",overridden stock function,stock function replaced by overlay,not an operation-info call,excluded from active outcomes: overridden stock function,source and database/ban/overlay check,if ep==PLAYER_ALL then
6,stock,data/duel-engine-next/card-scripts/official/c33327029.lua,44,33327029,Metalfoes Counter,s.regcon,"ffa3,ffa4,tag",overridden stock function,stock function replaced by overlay,not an operation-info call,excluded from active outcomes: overridden stock function,source and database/ban/overlay check,"e:SetLabel(({0,1,PLAYER_ALL})[v])"
6,stock,data/duel-engine-next/card-scripts/official/c33327029.lua,51,33327029,Metalfoes Counter,s.condition,"ffa3,ffa4,tag",overridden stock function,stock function replaced by overlay,not an operation-info call,excluded from active outcomes: overridden stock function,source and database/ban/overlay check,return ev==tp or ev==PLAYER_ALL
6,overlay,packages/duel-server/domain-core/multi-scripts/c33327029.lua,2,33327029,Metalfoes Counter,top level,"ffa3,ffa4,tag",comment,comment,not an operation-info call,excluded from active outcomes: comment,source and database/ban/overlay check,"-- Metalfoes Counter: the global check raises the event with the value 0, 1 or PLAYER_ALL for the players 0 and 1; the handler asks"
6,overlay,packages/duel-server/domain-core/multi-scripts/c33327029.lua,3,33327029,Metalfoes Counter,top level,"ffa3,ffa4,tag",comment,comment,not an operation-info call,excluded from active outcomes: comment,source and database/ban/overlay check,"-- ev==tp or ev==PLAYER_ALL. The value is a bit mask of the keys of the duelists that lost a card (aux.MPKey: FFA the seat, Tag the team),"
6,stock,data/duel-engine-next/card-scripts/official/c33508719.lua,15,33508719,Morphing Jar,s.target,,forbidden all formats,forbidden all formats,accepted; the special-summon group-size gate does not apply,excluded from active outcomes: forbidden all formats,source and database/ban/overlay check,"Duel.SetOperationInfo(0,CATEGORY_HANDES,nil,0,PLAYER_ALL,0)"
6,stock,data/duel-engine-next/card-scripts/official/c33508719.lua,16,33508719,Morphing Jar,s.target,,forbidden all formats,forbidden all formats,accepted; the special-summon group-size gate does not apply,excluded from active outcomes: forbidden all formats,source and database/ban/overlay check,"Duel.SetOperationInfo(0,CATEGORY_DRAW,nil,0,PLAYER_ALL,5)"
6,stock,data/duel-engine-next/card-scripts/official/c33782437.lua,16,33782437,One Day of Peace,s.target,"ffa3,ffa4,tag",overridden stock function,stock function replaced by overlay,accepted; the special-summon group-size gate does not apply,excluded from active outcomes: overridden stock function,source and database/ban/overlay check,"Duel.SetOperationInfo(0,CATEGORY_DRAW,nil,0,PLAYER_ALL,1)"
6,stock,data/duel-engine-next/card-scripts/official/c36809777.lua,30,36809777,Brutal Beast Battle,s.tgtg,"ffa3,ffa4,tag",overridden stock function,stock function replaced by overlay,accepted; the special-summon group-size gate does not apply,excluded from active outcomes: overridden stock function,source and database/ban/overlay check,"Duel.SetOperationInfo(0,CATEGORY_TOGRAVE,nil,1,PLAYER_ALL,LOCATION_MZONE)"
6,stock,data/duel-engine-next/card-scripts/official/c37806313.lua,27,37806313,Caravan of the Ice Barrier,s.target,"ffa3,ffa4,tag",overridden stock function,stock function replaced by overlay,accepted; the special-summon group-size gate does not apply,excluded from active outcomes: overridden stock function,source and database/ban/overlay check,"Duel.SetOperationInfo(0,CATEGORY_DRAW,nil,0,PLAYER_ALL,1)"
6,stock,data/duel-engine-next/card-scripts/official/c38522377.lua,89,38522377,Meklord Astro Dragon Asterisk,s.damtg,"ffa3,ffa4,tag",overridden stock function,stock function replaced by overlay,accepted; the special-summon group-size gate does not apply,excluded from active outcomes: overridden stock function,source and database/ban/overlay check,"else Duel.SetOperationInfo(0,CATEGORY_DAMAGE,nil,0,PLAYER_ALL,1000) end"
6,stock,data/duel-engine-next/card-scripts/official/c38522377.lua,93,38522377,Meklord Astro Dragon Asterisk,s.damop,"ffa3,ffa4,tag",overridden stock function,stock function replaced by overlay,not an operation-info call,excluded from active outcomes: overridden stock function,source and database/ban/overlay check,"if dp~=PLAYER_ALL then Duel.Damage(dp,1000,REASON_EFFECT)"
6,overlay,packages/duel-server/domain-core/multi-scripts/c39180960.lua,2,39180960,Rigorous Reaver,top level,"ffa3,ffa4,tag",comment,comment,not an operation-info call,excluded from active outcomes: comment,source and database/ban/overlay check,"-- Every duelist discards 1 card from its hand (R1, Q3, Tag partner included). The stock target already says PLAYER_ALL."
6,stock,data/duel-engine-next/card-scripts/official/c39513225.lua,67,39513225,,s.initial_effect,"ffa3,ffa4,tag",not in database,not in card database,accepted; the special-summon group-size gate does not apply,excluded from active outcomes: not in database,source and database/ban/overlay check,"Duel.SetOperationInfo(0,CATEGORY_DAMAGE,nil,0,PLAYER_ALL,dam)"
6,stock,data/duel-engine-next/card-scripts/official/c39900763.lua,24,39900763,Different Dimension Encounter,s.target,"ffa3,ffa4,tag",overridden stock function,stock function replaced by overlay,accepted; no group object,excluded from active outcomes: overridden stock function,source and database/ban/overlay check,"Duel.SetOperationInfo(0,CATEGORY_SPECIAL_SUMMON,nil,2,PLAYER_ALL,0)"
6,stock,data/duel-engine-next/card-scripts/official/c42517468.lua,24,42517468,Ojama Pink,s.target,"ffa3,ffa4,tag",overridden stock function,stock function replaced by overlay,accepted; the special-summon group-size gate does not apply,excluded from active outcomes: overridden stock function,source and database/ban/overlay check,"Duel.SetOperationInfo(0,CATEGORY_HANDES,nil,0,PLAYER_ALL,1)"
6,stock,data/duel-engine-next/card-scripts/official/c42517468.lua,25,42517468,Ojama Pink,s.target,"ffa3,ffa4,tag",overridden stock function,stock function replaced by overlay,accepted; the special-summon group-size gate does not apply,excluded from active outcomes: overridden stock function,source and database/ban/overlay check,"Duel.SetOperationInfo(0,CATEGORY_DRAW,nil,0,PLAYER_ALL,1)"
6,stock,data/duel-engine-next/card-scripts/official/c43434803.lua,33,43434803,The Shallow Grave,s.target,"ffa3,ffa4,tag",overridden stock function,stock function replaced by overlay,accepted only if a nonnil exact-special-summon group has two cards; inspect guard or exact group,excluded from active outcomes: overridden stock function,source and database/ban/overlay check,"Duel.SetOperationInfo(0,CATEGORY_SPECIAL_SUMMON,g,2,PLAYER_ALL,g:GetFirst():GetOwner())"
6,overlay,packages/duel-server/domain-core/multi-scripts/c43434803.lua,30,43434803,The Shallow Grave,filter,"ffa3,ffa4,tag",comment,new or changed line,not an operation-info call,excluded from active outcomes: comment,source and database/ban/overlay check,-- A non-nil Special Summon group with PLAYER_ALL must contain exactly two cards.
6,stock,data/duel-engine-next/card-scripts/official/c44968459.lua,38,44968459,Silent Burning,s.target,"ffa3,ffa4,tag",overridden stock function,stock function replaced by overlay,accepted; the special-summon group-size gate does not apply,excluded from active outcomes: overridden stock function,source and database/ban/overlay check,"Duel.SetOperationInfo(0,CATEGORY_DRAW,nil,0,PLAYER_ALL,ct1+ct2)"
6,stock,data/duel-engine-next/card-scripts/official/c45742626.lua,36,45742626,Pilgrim Reaper,s.target,"ffa3,ffa4,tag",overridden stock function,stock function replaced by overlay,accepted; the special-summon group-size gate does not apply,excluded from active outcomes: overridden stock function,source and database/ban/overlay check,"Duel.SetOperationInfo(0,CATEGORY_DECKDES,nil,0,PLAYER_ALL,5)"
6,stock,data/duel-engine-next/card-scripts/official/c46031686.lua,22,46031686,Damage Polarizer,s.target,"ffa3,ffa4,tag",overridden stock function,stock function replaced by overlay,accepted; the special-summon group-size gate does not apply,excluded from active outcomes: overridden stock function,source and database/ban/overlay check,"Duel.SetOperationInfo(0,CATEGORY_DRAW,nil,0,PLAYER_ALL,1)"
6,stock,data/duel-engine-next/card-scripts/official/c48150362.lua,45,48150362,Destiny HERO - Drawhand,s.drtg,"ffa3,ffa4,tag",overridden stock function,stock function replaced by overlay,accepted; the special-summon group-size gate does not apply,excluded from active outcomes: overridden stock function,source and database/ban/overlay check,"Duel.SetOperationInfo(0,CATEGORY_DRAW,nil,0,PLAYER_ALL,1)"
6,stock,data/duel-engine-next/card-scripts/official/c48216773.lua,18,48216773,Compulsory Escape Device,s.target,"ffa3,ffa4,tag",overridden stock function,stock function replaced by overlay,accepted; the special-summon group-size gate does not apply,excluded from active outcomes: overridden stock function,source and database/ban/overlay check,"Duel.SetOperationInfo(0,CATEGORY_TODECK,nil,2,PLAYER_ALL,LOCATION_MZONE)"
6,stock,data/duel-engine-next/card-scripts/unofficial/c500000008.lua,26,500000008,,s.target,"ffa3,ffa4,tag",not in database,not in card database,accepted; the special-summon group-size gate does not apply,excluded from active outcomes: not in database,source and database/ban/overlay check,"Duel.SetOperationInfo(0,CATEGORY_DAMAGE,nil,0,PLAYER_ALL,0)"
6,stock,data/duel-engine-next/card-scripts/unofficial/c500000149.lua,35,500000149,,s.tg,"ffa3,ffa4,tag",not in database,not in card database,accepted; the special-summon group-size gate does not apply,excluded from active outcomes: not in database,source and database/ban/overlay check,"Duel.SetOperationInfo(0,CATEGORY_DAMAGE,nil,0,PLAYER_ALL,800)"
6,stock,data/duel-engine-next/card-scripts/unofficial/c500000152.lua,19,500000152,,s.condition,"ffa3,ffa4,tag",not in database,not in card database,not an operation-info call,excluded from active outcomes: not in database,source and database/ban/overlay check,"if cp~=PLAYER_ALL then return Duel.IsPlayerAffectedByEffect(cp,EFFECT_REVERSE_RECOVER)"
6,stock,data/duel-engine-next/card-scripts/unofficial/c500008902.lua,55,500008902,,s.damtg,"ffa3,ffa4,tag",not in database,not in card database,accepted; the special-summon group-size gate does not apply,excluded from active outcomes: not in database,source and database/ban/overlay check,"Duel.SetOperationInfo(0,CATEGORY_DAMAGE,nil,0,PLAYER_ALL,0)"
6,stock,data/duel-engine-next/card-scripts/goat/c504700095.lua,44,504700095,,s.sptg,"ffa3,ffa4,tag",not in database,not in card database,accepted only if a nonnil exact-special-summon group has two cards; inspect guard or exact group,excluded from active outcomes: not in database,source and database/ban/overlay check,"Duel.SetOperationInfo(0,CATEGORY_SPECIAL_SUMMON,g1,2,PLAYER_ALL,g1:GetFirst():GetOwner())"
6,stock,data/duel-engine-next/card-scripts/goat/c504700188.lua,19,504700188,,s.target,"ffa3,ffa4,tag",not in database,not in card database,accepted; no special-summon group-size gate,excluded from active outcomes: not in database,source and database/ban/overlay check,"Duel.SetPossibleOperationInfo(0,CATEGORY_SPECIAL_SUMMON,nil,0,PLAYER_ALL,LOCATION_DECK)"
6,stock,data/duel-engine-next/card-scripts/official/c51011872.lua,56,51011872,Trickstar Crimson Heart,s.drtg,"ffa3,ffa4,tag",overridden stock function,stock function replaced by overlay,accepted; the special-summon group-size gate does not apply,excluded from active outcomes: overridden stock function,source and database/ban/overlay check,"Duel.SetOperationInfo(0,CATEGORY_DRAW,nil,0,PLAYER_ALL,1)"
6,stock,data/duel-engine-next/card-scripts/unofficial/c511000035.lua,23,511000035,,s.condition,"ffa3,ffa4,tag",not in database,not in card database,not an operation-info call,excluded from active outcomes: not in database,source and database/ban/overlay check,"if cp~=PLAYER_ALL then return Duel.IsPlayerAffectedByEffect(cp,EFFECT_REVERSE_RECOVER)"
6,stock,data/duel-engine-next/card-scripts/unofficial/c511000099.lua,56,511000099,,s.damtg,"ffa3,ffa4,tag",not in database,not in card database,not an operation-info call,excluded from active outcomes: not in database,source and database/ban/overlay check,local p=b1 and b2 and PLAYER_ALL or b1 and tp or 1-tp
6,stock,data/duel-engine-next/card-scripts/unofficial/c511000103.lua,45,511000103,,s.tktg,"ffa3,ffa4,tag",not in database,not in card database,not an operation-info call,excluded from active outcomes: not in database,source and database/ban/overlay check,local p=b1 and b2 and PLAYER_ALL or b1 and tp or 1-tp
6,stock,data/duel-engine-next/card-scripts/unofficial/c511000185.lua,41,511000185,,s.damtg,"ffa3,ffa4,tag",not in database,not in card database,accepted; the special-summon group-size gate does not apply,excluded from active outcomes: not in database,source and database/ban/overlay check,"Duel.SetOperationInfo(0,CATEGORY_DAMAGE,nil,0,PLAYER_ALL,e:GetLabel())"
6,stock,data/duel-engine-next/card-scripts/unofficial/c511000218.lua,23,511000218,,s.target,"ffa3,ffa4,tag",not in database,not in card database,accepted; the special-summon group-size gate does not apply,excluded from active outcomes: not in database,source and database/ban/overlay check,"Duel.SetOperationInfo(0,CATEGORY_HANDES,nil,0,PLAYER_ALL,2)"
6,stock,data/duel-engine-next/card-scripts/unofficial/c511000269.lua,22,511000269,,s.target,"ffa3,ffa4,tag",not in database,not in card database,accepted; the special-summon group-size gate does not apply,excluded from active outcomes: not in database,source and database/ban/overlay check,"Duel.SetOperationInfo(0,CATEGORY_DAMAGE,nil,0,PLAYER_ALL,1000)"
6,stock,data/duel-engine-next/card-scripts/unofficial/c511000303.lua,18,511000303,,s.con,"ffa3,ffa4,tag",not in database,not in card database,not an operation-info call,excluded from active outcomes: not in database,source and database/ban/overlay check,if ex and (cp==tp or cp==PLAYER_ALL) then return true end
6,stock,data/duel-engine-next/card-scripts/unofficial/c511000303.lua,20,511000303,,s.con,"ffa3,ffa4,tag",not in database,not in card database,not an operation-info call,excluded from active outcomes: not in database,source and database/ban/overlay check,"return ex and (cp==tp or cp==PLAYER_ALL) and Duel.IsPlayerAffectedByEffect(tp,EFFECT_REVERSE_RECOVER)"
6,stock,data/duel-engine-next/card-scripts/unofficial/c511000312.lua,15,511000312,,s.target,"ffa3,ffa4,tag",not in database,not in card database,accepted; the special-summon group-size gate does not apply,excluded from active outcomes: not in database,source and database/ban/overlay check,"Duel.SetOperationInfo(0,CATEGORY_DRAW,nil,0,PLAYER_ALL,1)"
6,stock,data/duel-engine-next/card-scripts/unofficial/c511000495.lua,74,511000495,,s.drtg,"ffa3,ffa4,tag",not in database,not in card database,accepted; the special-summon group-size gate does not apply,excluded from active outcomes: not in database,source and database/ban/overlay check,"Duel.SetOperationInfo(0,CATEGORY_DRAW,nil,0,PLAYER_ALL,1)"
6,stock,data/duel-engine-next/card-scripts/unofficial/c511000496.lua,34,511000496,,s.target,"ffa3,ffa4,tag",not in database,not in card database,accepted; no special-summon group-size gate,excluded from active outcomes: not in database,source and database/ban/overlay check,"Duel.SetPossibleOperationInfo(0,CATEGORY_TOHAND,nil,1,PLAYER_ALL,LOCATION_DECK)"
6,stock,data/duel-engine-next/card-scripts/unofficial/c511000496.lua,35,511000496,,s.target,"ffa3,ffa4,tag",not in database,not in card database,accepted; no special-summon group-size gate,excluded from active outcomes: not in database,source and database/ban/overlay check,"Duel.SetPossibleOperationInfo(0,CATEGORY_TOGRAVE,nil,1,PLAYER_ALL,LOCATION_DECK)"
6,stock,data/duel-engine-next/card-scripts/unofficial/c511000496.lua,36,511000496,,s.target,"ffa3,ffa4,tag",not in database,not in card database,accepted; no special-summon group-size gate,excluded from active outcomes: not in database,source and database/ban/overlay check,"Duel.SetPossibleOperationInfo(0,CATEGORY_DAMAGE,nil,0,PLAYER_ALL,500)"
6,stock,data/duel-engine-next/card-scripts/unofficial/c511000506.lua,15,511000506,,s.target,"ffa3,ffa4,tag",not in database,not in card database,accepted; the special-summon group-size gate does not apply,excluded from active outcomes: not in database,source and database/ban/overlay check,"Duel.SetOperationInfo(0,CATEGORY_DRAW,nil,0,PLAYER_ALL,3)"
6,stock,data/duel-engine-next/card-scripts/unofficial/c511000554.lua,15,511000554,,s.target,"ffa3,ffa4,tag",not in database,not in card database,accepted; the special-summon group-size gate does not apply,excluded from active outcomes: not in database,source and database/ban/overlay check,"Duel.SetOperationInfo(0,CATEGORY_HANDES,nil,0,PLAYER_ALL,2)"
6,stock,data/duel-engine-next/card-scripts/unofficial/c511000554.lua,16,511000554,,s.target,"ffa3,ffa4,tag",not in database,not in card database,accepted; the special-summon group-size gate does not apply,excluded from active outcomes: not in database,source and database/ban/overlay check,"Duel.SetOperationInfo(0,CATEGORY_DRAW,nil,0,PLAYER_ALL,3)"
6,stock,data/duel-engine-next/card-scripts/unofficial/c511000556.lua,31,511000556,,s.condition,"ffa3,ffa4,tag",not in database,not in card database,not an operation-info call,excluded from active outcomes: not in database,source and database/ban/overlay check,if ex and (cp==tp or cp==PLAYER_ALL) then return true end
6,stock,data/duel-engine-next/card-scripts/unofficial/c511000556.lua,34,511000556,,s.condition,"ffa3,ffa4,tag",not in database,not in card database,not an operation-info call,excluded from active outcomes: not in database,source and database/ban/overlay check,"return ex and (cp==tp or cp==PLAYER_ALL) and Duel.IsPlayerAffectedByEffect(tp,EFFECT_REVERSE_RECOVER)"
6,stock,data/duel-engine-next/card-scripts/unofficial/c511000620.lua,58,511000620,,s.con,"ffa3,ffa4,tag",not in database,not in card database,not an operation-info call,excluded from active outcomes: not in database,source and database/ban/overlay check,if ex and (cp==tp or cp==PLAYER_ALL) then return true end
6,stock,data/duel-engine-next/card-scripts/unofficial/c511000620.lua,60,511000620,,s.con,"ffa3,ffa4,tag",not in database,not in card database,not an operation-info call,excluded from active outcomes: not in database,source and database/ban/overlay check,"return ex and (cp==tp or cp==PLAYER_ALL) and Duel.IsPlayerAffectedByEffect(tp,EFFECT_REVERSE_RECOVER) and ep~=tp and re:IsActiveType(TYPE_MONSTER)"
6,stock,data/duel-engine-next/card-scripts/unofficial/c511000627.lua,21,511000627,,s.target,"ffa3,ffa4,tag",not in database,not in card database,accepted; the special-summon group-size gate does not apply,excluded from active outcomes: not in database,source and database/ban/overlay check,"Duel.SetOperationInfo(0,CATEGORY_HANDES,nil,0,PLAYER_ALL,1)"
6,stock,data/duel-engine-next/card-scripts/unofficial/c511000627.lua,22,511000627,,s.target,"ffa3,ffa4,tag",not in database,not in card database,accepted; the special-summon group-size gate does not apply,excluded from active outcomes: not in database,source and database/ban/overlay check,"Duel.SetOperationInfo(0,CATEGORY_DRAW,nil,0,PLAYER_ALL,5)"
6,stock,data/duel-engine-next/card-scripts/unofficial/c511000658.lua,20,511000658,,s.target,"ffa3,ffa4,tag",not in database,not in card database,accepted; the special-summon group-size gate does not apply,excluded from active outcomes: not in database,source and database/ban/overlay check,"Duel.SetOperationInfo(0,CATEGORY_RECOVER,nil,0,PLAYER_ALL,0)"
6,stock,data/duel-engine-next/card-scripts/unofficial/c511000714.lua,24,511000714,,s.ddtg,"ffa3,ffa4,tag",not in database,not in card database,not an operation-info call,excluded from active outcomes: not in database,source and database/ban/overlay check,p=PLAYER_ALL
6,stock,data/duel-engine-next/card-scripts/unofficial/c511000714.lua,36,511000714,,s.ddop,"ffa3,ffa4,tag",not in database,not in card database,not an operation-info call,excluded from active outcomes: not in database,source and database/ban/overlay check,p=PLAYER_ALL
6,stock,data/duel-engine-next/card-scripts/unofficial/c511000714.lua,43,511000714,,s.ddop,"ffa3,ffa4,tag",not in database,not in card database,not an operation-info call,excluded from active outcomes: not in database,source and database/ban/overlay check,if p==PLAYER_ALL then
6,stock,data/duel-engine-next/card-scripts/unofficial/c511000754.lua,21,511000754,,s.target,"ffa3,ffa4,tag",not in database,not in card database,accepted; the special-summon group-size gate does not apply,excluded from active outcomes: not in database,source and database/ban/overlay check,"Duel.SetOperationInfo(0,CATEGORY_DESTROY,nil,2,PLAYER_ALL,LOCATION_ONFIELD)"
6,stock,data/duel-engine-next/card-scripts/unofficial/c511000772.lua,61,511000772,,s.destg,"ffa3,ffa4,tag",not in database,not in card database,accepted; the special-summon group-size gate does not apply,excluded from active outcomes: not in database,source and database/ban/overlay check,"Duel.SetOperationInfo(0,CATEGORY_DAMAGE,nil,0,PLAYER_ALL,0)"
6,stock,data/duel-engine-next/card-scripts/unofficial/c511000804.lua,42,511000804,,s.target,"ffa3,ffa4,tag",not in database,not in card database,accepted; the special-summon group-size gate does not apply,excluded from active outcomes: not in database,source and database/ban/overlay check,"Duel.SetOperationInfo(0,CATEGORY_DAMAGE,nil,0,PLAYER_ALL,ec:GetAttack()/2)"
6,stock,data/duel-engine-next/card-scripts/pre-errata/c511000824.lua,25,511000824,,s.target,"ffa3,ffa4,tag",not in database,not in card database,accepted; the special-summon group-size gate does not apply,excluded from active outcomes: not in database,source and database/ban/overlay check,"Duel.SetOperationInfo(0,CATEGORY_DAMAGE,nil,0,PLAYER_ALL,0)"
6,stock,data/duel-engine-next/card-scripts/pre-errata/c511000825.lua,25,511000825,,s.target,"ffa3,ffa4,tag",not in database,not in card database,accepted; the special-summon group-size gate does not apply,excluded from active outcomes: not in database,source and database/ban/overlay check,"Duel.SetOperationInfo(0,CATEGORY_DAMAGE,nil,0,PLAYER_ALL,0)"
6,stock,data/duel-engine-next/card-scripts/unofficial/c511000858.lua,16,511000858,,s.condition,"ffa3,ffa4,tag",not in database,not in card database,not an operation-info call,excluded from active outcomes: not in database,source and database/ban/overlay check,if ex and (cp==tp or cp==PLAYER_ALL) then return true end
6,stock,data/duel-engine-next/card-scripts/unofficial/c511000858.lua,18,511000858,,s.condition,"ffa3,ffa4,tag",not in database,not in card database,not an operation-info call,excluded from active outcomes: not in database,source and database/ban/overlay check,"return ex and (cp==tp or cp==PLAYER_ALL) and Duel.IsPlayerAffectedByEffect(tp,EFFECT_REVERSE_RECOVER)"
6,stock,data/duel-engine-next/card-scripts/unofficial/c511000860.lua,81,511000860,,s.damtg,"ffa3,ffa4,tag",not in database,not in card database,not an operation-info call,excluded from active outcomes: not in database,source and database/ban/overlay check,local p=b1 and b2 and PLAYER_ALL or b1 and tp or 1-tp
6,stock,data/duel-engine-next/card-scripts/unofficial/c511000913.lua,19,511000913,,s.target,"ffa3,ffa4,tag",not in database,not in card database,accepted; the special-summon group-size gate does not apply,excluded from active outcomes: not in database,source and database/ban/overlay check,"Duel.SetOperationInfo(0,CATEGORY_TODECK,sg,#sg,PLAYER_ALL,LOCATION_REMOVED)"
6,stock,data/duel-engine-next/card-scripts/unofficial/c511000946.lua,29,511000946,,s.target,"ffa3,ffa4,tag",not in database,not in card database,accepted; the special-summon group-size gate does not apply,excluded from active outcomes: not in database,source and database/ban/overlay check,"Duel.SetOperationInfo(0,CATEGORY_DAMAGE,nil,0,PLAYER_ALL,0)"
6,stock,data/duel-engine-next/card-scripts/unofficial/c511000948.lua,40,511000948,,s.damtg,"ffa3,ffa4,tag",not in database,not in card database,not an operation-info call,excluded from active outcomes: not in database,source and database/ban/overlay check,local player=(self_chk and opp_chk and PLAYER_ALL)
6,stock,data/duel-engine-next/card-scripts/unofficial/c511000950.lua,24,511000950,,s.target,"ffa3,ffa4,tag",not in database,not in card database,accepted; the special-summon group-size gate does not apply,excluded from active outcomes: not in database,source and database/ban/overlay check,"Duel.SetOperationInfo(0,CATEGORY_DAMAGE,nil,0,PLAYER_ALL,2000)"
6,stock,data/duel-engine-next/card-scripts/unofficial/c511000961.lua,20,511000961,,s.target,"ffa3,ffa4,tag",not in database,not in card database,accepted; the special-summon group-size gate does not apply,excluded from active outcomes: not in database,source and database/ban/overlay check,"Duel.SetOperationInfo(0,CATEGORY_DAMAGE,nil,0,PLAYER_ALL,dam)"
6,stock,data/duel-engine-next/card-scripts/unofficial/c511001029.lua,57,511001029,,s.rectg,"ffa3,ffa4,tag",not in database,not in card database,not an operation-info call,excluded from active outcomes: not in database,source and database/ban/overlay check,Duel.SetTargetPlayer(PLAYER_ALL)
6,stock,data/duel-engine-next/card-scripts/unofficial/c511001029.lua,59,511001029,,s.rectg,"ffa3,ffa4,tag",not in database,not in card database,accepted; the special-summon group-size gate does not apply,excluded from active outcomes: not in database,source and database/ban/overlay check,"Duel.SetOperationInfo(0,CATEGORY_DAMAGE,nil,0,PLAYER_ALL,1500)"
6,stock,data/duel-engine-next/card-scripts/unofficial/c511001029.lua,65,511001029,,s.recop,"ffa3,ffa4,tag",not in database,not in card database,not an operation-info call,excluded from active outcomes: not in database,source and database/ban/overlay check,if dp~=PLAYER_ALL then
6,stock,data/duel-engine-next/card-scripts/unofficial/c511001100.lua,18,511001100,,s.target,"ffa3,ffa4,tag",not in database,not in card database,accepted; the special-summon group-size gate does not apply,excluded from active outcomes: not in database,source and database/ban/overlay check,"Duel.SetOperationInfo(0,CATEGORY_DAMAGE,nil,0,PLAYER_ALL,0)"
6,stock,data/duel-engine-next/card-scripts/unofficial/c511001155.lua,19,511001155,,s.condition,"ffa3,ffa4,tag",not in database,not in card database,not an operation-info call,excluded from active outcomes: not in database,source and database/ban/overlay check,if ex and (cp==tp or cp==PLAYER_ALL) then return true end
6,stock,data/duel-engine-next/card-scripts/unofficial/c511001155.lua,22,511001155,,s.condition,"ffa3,ffa4,tag",not in database,not in card database,not an operation-info call,excluded from active outcomes: not in database,source and database/ban/overlay check,"return ex and (cp==tp or cp==PLAYER_ALL) and Duel.IsPlayerAffectedByEffect(tp,EFFECT_REVERSE_RECOVER)"
6,stock,data/duel-engine-next/card-scripts/unofficial/c511001176.lua,14,511001176,,s.tg,"ffa3,ffa4,tag",not in database,not in card database,accepted; the special-summon group-size gate does not apply,excluded from active outcomes: not in database,source and database/ban/overlay check,"Duel.SetOperationInfo(0,CATEGORY_DRAW,nil,0,PLAYER_ALL,1)"
6,stock,data/duel-engine-next/card-scripts/unofficial/c511001181.lua,19,511001181,,s.condition,"ffa3,ffa4,tag",not in database,not in card database,not an operation-info call,excluded from active outcomes: not in database,source and database/ban/overlay check,"if cp~=PLAYER_ALL then return Duel.IsPlayerAffectedByEffect(cp,EFFECT_REVERSE_RECOVER)"
6,stock,data/duel-engine-next/card-scripts/unofficial/c511001186.lua,27,511001186,,s.target,"ffa3,ffa4,tag",not in database,not in card database,accepted; the special-summon group-size gate does not apply,excluded from active outcomes: not in database,source and database/ban/overlay check,"Duel.SetOperationInfo(0,CATEGORY_DRAW,nil,0,PLAYER_ALL,1)"
6,stock,data/duel-engine-next/card-scripts/unofficial/c511001236.lua,65,511001236,,s.target,"ffa3,ffa4,tag",not in database,not in card database,not an operation-info call,excluded from active outcomes: not in database,source and database/ban/overlay check,local p=b1 and b2 and PLAYER_ALL or b1 and tp or 1-tp
6,stock,data/duel-engine-next/card-scripts/unofficial/c511001241.lua,15,511001241,,s.condition,"ffa3,ffa4,tag",not in database,not in card database,not an operation-info call,excluded from active outcomes: not in database,source and database/ban/overlay check,if ex and (cp==tp or cp==PLAYER_ALL) then return true end
6,stock,data/duel-engine-next/card-scripts/unofficial/c511001241.lua,17,511001241,,s.condition,"ffa3,ffa4,tag",not in database,not in card database,not an operation-info call,excluded from active outcomes: not in database,source and database/ban/overlay check,"return ex and (cp==tp or cp==PLAYER_ALL) and Duel.IsPlayerAffectedByEffect(tp,EFFECT_REVERSE_RECOVER)"
6,stock,data/duel-engine-next/card-scripts/unofficial/c511001262.lua,53,511001262,,s.target,"ffa3,ffa4,tag",not in database,not in card database,accepted; the special-summon group-size gate does not apply,excluded from active outcomes: not in database,source and database/ban/overlay check,"Duel.SetOperationInfo(0,CATEGORY_DAMAGE,nil,0,PLAYER_ALL,0)"
6,stock,data/duel-engine-next/card-scripts/unofficial/c511001303.lua,21,511001303,,s.target,"ffa3,ffa4,tag",not in database,not in card database,accepted; the special-summon group-size gate does not apply,excluded from active outcomes: not in database,source and database/ban/overlay check,"Duel.SetOperationInfo(0,CATEGORY_DAMAGE,nil,0,PLAYER_ALL,0)"
6,stock,data/duel-engine-next/card-scripts/unofficial/c511001344.lua,40,511001344,,s.regcon,"ffa3,ffa4,tag",not in database,not in card database,not an operation-info call,excluded from active outcomes: not in database,source and database/ban/overlay check,if d1 and d2 then evt_p=PLAYER_ALL
6,stock,data/duel-engine-next/card-scripts/unofficial/c511001344.lua,57,511001344,,s.damop,"ffa3,ffa4,tag",not in database,not in card database,not an operation-info call,excluded from active outcomes: not in database,source and database/ban/overlay check,if ep==PLAYER_ALL then
6,stock,data/duel-engine-next/card-scripts/unofficial/c511001356.lua,22,511001356,,s.target,"ffa3,ffa4,tag",not in database,not in card database,accepted; the special-summon group-size gate does not apply,excluded from active outcomes: not in database,source and database/ban/overlay check,"Duel.SetOperationInfo(0,CATEGORY_DECKDES,nil,0,PLAYER_ALL,1)"
6,stock,data/duel-engine-next/card-scripts/unofficial/c511001394.lua,37,511001394,,s.tg,"ffa3,ffa4,tag",not in database,not in card database,accepted; the special-summon group-size gate does not apply,excluded from active outcomes: not in database,source and database/ban/overlay check,"Duel.SetOperationInfo(0,CATEGORY_DAMAGE,nil,0,PLAYER_ALL,#g*500)"
6,stock,data/duel-engine-next/card-scripts/unofficial/c511001410.lua,36,511001410,,s.condition,"ffa3,ffa4,tag",not in database,not in card database,not an operation-info call,excluded from active outcomes: not in database,source and database/ban/overlay check,"if ex and ((cp==PLAYER_ALL and (s.check(0,CATEGORY_DAMAGE) or s.check(1,CATEGORY_DAMAGE)))"
6,stock,data/duel-engine-next/card-scripts/unofficial/c511001410.lua,41,511001410,,s.condition,"ffa3,ffa4,tag",not in database,not in card database,not an operation-info call,excluded from active outcomes: not in database,source and database/ban/overlay check,"return ex and ((cp==PLAYER_ALL and (s.check(0,CATEGORY_RECOVER) or s.check(1,CATEGORY_RECOVER)))"
6,stock,data/duel-engine-next/card-scripts/unofficial/c511001472.lua,22,511001472,,s.target,"ffa3,ffa4,tag",not in database,not in card database,accepted; the special-summon group-size gate does not apply,excluded from active outcomes: not in database,source and database/ban/overlay check,"Duel.SetOperationInfo(0,CATEGORY_DAMAGE,nil,0,PLAYER_ALL,0)"
6,stock,data/duel-engine-next/card-scripts/unofficial/c511001477.lua,25,511001477,,s.target,"ffa3,ffa4,tag",not in database,not in card database,accepted; no special-summon group-size gate,excluded from active outcomes: not in database,source and database/ban/overlay check,"Duel.SetPossibleOperationInfo(0,CATEGORY_DAMAGE,nil,0,PLAYER_ALL,0)"
6,stock,data/duel-engine-next/card-scripts/unofficial/c511001477.lua,26,511001477,,s.target,"ffa3,ffa4,tag",not in database,not in card database,accepted; no special-summon group-size gate,excluded from active outcomes: not in database,source and database/ban/overlay check,"Duel.SetPossibleOperationInfo(0,CATEGORY_RECOVER,nil,0,PLAYER_ALL,0)"
6,stock,data/duel-engine-next/card-scripts/unofficial/c511001488.lua,21,511001488,,s.condition,"ffa3,ffa4,tag",not in database,not in card database,not an operation-info call,excluded from active outcomes: not in database,source and database/ban/overlay check,elseif cp==PLAYER_ALL then
6,stock,data/duel-engine-next/card-scripts/unofficial/c511001488.lua,30,511001488,,s.condition,"ffa3,ffa4,tag",not in database,not in card database,not an operation-info call,excluded from active outcomes: not in database,source and database/ban/overlay check,e:SetLabel(PLAYER_ALL)
6,stock,data/duel-engine-next/card-scripts/unofficial/c511001488.lua,44,511001488,,s.condition,"ffa3,ffa4,tag",not in database,not in card database,not an operation-info call,excluded from active outcomes: not in database,source and database/ban/overlay check,elseif cp==PLAYER_ALL then
6,stock,data/duel-engine-next/card-scripts/unofficial/c511001488.lua,53,511001488,,s.condition,"ffa3,ffa4,tag",not in database,not in card database,not an operation-info call,excluded from active outcomes: not in database,source and database/ban/overlay check,e:SetLabel(PLAYER_ALL)
6,stock,data/duel-engine-next/card-scripts/unofficial/c511001489.lua,91,511001489,,s.con,"ffa3,ffa4,tag",not in database,not in card database,not an operation-info call,excluded from active outcomes: not in database,source and database/ban/overlay check,if ex and (cp~=tp or cp==PLAYER_ALL) then return true end
6,stock,data/duel-engine-next/card-scripts/unofficial/c511001489.lua,93,511001489,,s.con,"ffa3,ffa4,tag",not in database,not in card database,not an operation-info call,excluded from active outcomes: not in database,source and database/ban/overlay check,"return ex and (cp~=tp or cp==PLAYER_ALL) and Duel.IsPlayerAffectedByEffect(1-tp,EFFECT_REVERSE_RECOVER)"
6,stock,data/duel-engine-next/card-scripts/unofficial/c511001495.lua,37,511001495,,s.cost,"ffa3,ffa4,tag",not in database,not in card database,not an operation-info call,excluded from active outcomes: not in database,source and database/ban/overlay check,"local tpTribute=Duel.CheckReleaseGroupCost(tp,nil,1,false,s.specialchk,nil,cp==PLAYER_ALL and opTribute)"
6,stock,data/duel-engine-next/card-scripts/unofficial/c511001495.lua,45,511001495,,s.cost,"ffa3,ffa4,tag",not in database,not in card database,not an operation-info call,excluded from active outcomes: not in database,source and database/ban/overlay check,"local opG=(cp==1-tp or cp==PLAYER_ALL) and Duel.SelectMatchingCard(tp,Card.IsReleasable,tp,0,LOCATION_MZONE,1,1,nil) or Group.CreateGroup()"
6,stock,data/duel-engine-next/card-scripts/unofficial/c511001495.lua,46,511001495,,s.cost,"ffa3,ffa4,tag",not in database,not in card database,not an operation-info call,excluded from active outcomes: not in database,source and database/ban/overlay check,"local tpG=(cp==tp or cp==PLAYER_ALL) and Duel.SelectReleaseGroupCost(tp,nil,1,1,false,s.specialchk,nil,cp==PLAYER_ALL and opG) or Group.CreateGroup()"
6,stock,data/duel-engine-next/card-scripts/unofficial/c511001495.lua,56,511001495,,s.operation,"ffa3,ffa4,tag",not in database,not in card database,not an operation-info call,excluded from active outcomes: not in database,source and database/ban/overlay check,"e1:SetTargetRange((cp==tp or cp==PLAYER_ALL) and 1 or 0,(cp==1-tp or cp==PLAYER_ALL) and 1 or 0)"
6,stock,data/duel-engine-next/card-scripts/unofficial/c511001644.lua,79,511001644,,s.damtg,"ffa3,ffa4,tag",not in database,not in card database,accepted; the special-summon group-size gate does not apply,excluded from active outcomes: not in database,source and database/ban/overlay check,"else Duel.SetOperationInfo(0,CATEGORY_DAMAGE,nil,0,PLAYER_ALL,1000) end"
6,stock,data/duel-engine-next/card-scripts/unofficial/c511001644.lua,83,511001644,,s.damop,"ffa3,ffa4,tag",not in database,not in card database,not an operation-info call,excluded from active outcomes: not in database,source and database/ban/overlay check,"if dp~=PLAYER_ALL then Duel.Damage(dp,1000,REASON_EFFECT)"
6,stock,data/duel-engine-next/card-scripts/unofficial/c511001713.lua,15,511001713,,s.con,"ffa3,ffa4,tag",not in database,not in card database,not an operation-info call,excluded from active outcomes: not in database,source and database/ban/overlay check,if ex and (cp==tp or cp==PLAYER_ALL) then return true end
6,stock,data/duel-engine-next/card-scripts/unofficial/c511001713.lua,17,511001713,,s.con,"ffa3,ffa4,tag",not in database,not in card database,not an operation-info call,excluded from active outcomes: not in database,source and database/ban/overlay check,"return ex and (cp==tp or cp==PLAYER_ALL) and Duel.IsPlayerAffectedByEffect(tp,EFFECT_REVERSE_RECOVER)"
6,stock,data/duel-engine-next/card-scripts/unofficial/c511001731.lua,33,511001731,,s.target,"ffa3,ffa4,tag",not in database,not in card database,accepted; the special-summon group-size gate does not apply,excluded from active outcomes: not in database,source and database/ban/overlay check,"Duel.SetOperationInfo(0,CATEGORY_RECOVER,nil,0,PLAYER_ALL,600)"
6,stock,data/duel-engine-next/card-scripts/unofficial/c511001792.lua,25,511001792,,s.damtg,"ffa3,ffa4,tag",not in database,not in card database,accepted; the special-summon group-size gate does not apply,excluded from active outcomes: not in database,source and database/ban/overlay check,"Duel.SetOperationInfo(0,CATEGORY_DAMAGE,nil,0,PLAYER_ALL,500)"
6,stock,data/duel-engine-next/card-scripts/unofficial/c511001862.lua,19,511001862,,s.condition,"ffa3,ffa4,tag",not in database,not in card database,not an operation-info call,excluded from active outcomes: not in database,source and database/ban/overlay check,"if ex and (cp==tp or cp==PLAYER_ALL) and not rd and not Duel.IsPlayerAffectedByEffect(tp,EFFECT_NO_EFFECT_DAMAGE) then"
6,stock,data/duel-engine-next/card-scripts/unofficial/c511001862.lua,24,511001862,,s.condition,"ffa3,ffa4,tag",not in database,not in card database,not an operation-info call,excluded from active outcomes: not in database,source and database/ban/overlay check,"if ex and (cp==tp or cp==PLAYER_ALL) and rr and not Duel.IsPlayerAffectedByEffect(tp,EFFECT_NO_EFFECT_DAMAGE) then"
6,stock,data/duel-engine-next/card-scripts/unofficial/c511001931.lua,20,511001931,,s.target,"ffa3,ffa4,tag",not in database,not in card database,accepted; no group object,excluded from active outcomes: not in database,source and database/ban/overlay check,"Duel.SetOperationInfo(0,CATEGORY_SPECIAL_SUMMON,nil,1,PLAYER_ALL,LOCATION_DECK)"
6,stock,data/duel-engine-next/card-scripts/unofficial/c511001999.lua,33,511001999,,s.destg,"ffa3,ffa4,tag",not in database,not in card database,accepted; the special-summon group-size gate does not apply,excluded from active outcomes: not in database,source and database/ban/overlay check,"Duel.SetOperationInfo(0,CATEGORY_DAMAGE,nil,0,PLAYER_ALL,sg:GetSum(Card.GetAttack))"
6,stock,data/duel-engine-next/card-scripts/unofficial/c511002120.lua,45,511002120,,s.condition2,"ffa3,ffa4,tag",not in database,not in card database,not an operation-info call,excluded from active outcomes: not in database,source and database/ban/overlay check,"if ex and (cp==tp or cp==PLAYER_ALL) and not rd and not Duel.IsPlayerAffectedByEffect(tp,EFFECT_NO_EFFECT_DAMAGE)"
6,stock,data/duel-engine-next/card-scripts/unofficial/c511002120.lua,48,511002120,,s.condition2,"ffa3,ffa4,tag",not in database,not in card database,not an operation-info call,excluded from active outcomes: not in database,source and database/ban/overlay check,"return ex and (cp==tp or cp==PLAYER_ALL) and rr and not Duel.IsPlayerAffectedByEffect(tp,EFFECT_NO_EFFECT_DAMAGE)"
6,stock,data/duel-engine-next/card-scripts/unofficial/c511002202.lua,53,511002202,,s.destg,"ffa3,ffa4,tag",not in database,not in card database,accepted; the special-summon group-size gate does not apply,excluded from active outcomes: not in database,source and database/ban/overlay check,"Duel.SetOperationInfo(0,CATEGORY_DESTROY,nil,1,PLAYER_ALL,LOCATION_ONFIELD)"
6,stock,data/duel-engine-next/card-scripts/unofficial/c511002221.lua,41,511002221,,s.target,"ffa3,ffa4,tag",not in database,not in card database,accepted; the special-summon group-size gate does not apply,excluded from active outcomes: not in database,source and database/ban/overlay check,"Duel.SetOperationInfo(0,CATEGORY_DAMAGE,nil,0,PLAYER_ALL,atk)"
6,stock,data/duel-engine-next/card-scripts/unofficial/c511002433.lua,32,511002433,,s.target,"ffa3,ffa4,tag",not in database,not in card database,accepted; the special-summon group-size gate does not apply,excluded from active outcomes: not in database,source and database/ban/overlay check,"Duel.SetOperationInfo(0,CATEGORY_DAMAGE,nil,0,PLAYER_ALL,1000)"
6,stock,data/duel-engine-next/card-scripts/unofficial/c511002474.lua,68,511002474,,s.condition2,"ffa3,ffa4,tag",not in database,not in card database,not an operation-info call,excluded from active outcomes: not in database,source and database/ban/overlay check,if ex and (cp==tp or cp==PLAYER_ALL) then return true end
6,stock,data/duel-engine-next/card-scripts/unofficial/c511002474.lua,71,511002474,,s.condition2,"ffa3,ffa4,tag",not in database,not in card database,not an operation-info call,excluded from active outcomes: not in database,source and database/ban/overlay check,"return ex and (cp==tp or cp==PLAYER_ALL) and Duel.IsPlayerAffectedByEffect(tp,EFFECT_REVERSE_RECOVER)"
6,stock,data/duel-engine-next/card-scripts/unofficial/c511002491.lua,19,511002491,,s.condition,"ffa3,ffa4,tag",not in database,not in card database,not an operation-info call,excluded from active outcomes: not in database,source and database/ban/overlay check,if ex and (cp==1-tp or cp==PLAYER_ALL) then return true end
6,stock,data/duel-engine-next/card-scripts/unofficial/c511002491.lua,22,511002491,,s.condition,"ffa3,ffa4,tag",not in database,not in card database,not an operation-info call,excluded from active outcomes: not in database,source and database/ban/overlay check,"return ex and (cp==1-tp or cp==PLAYER_ALL) and Duel.IsPlayerAffectedByEffect(1-tp,EFFECT_REVERSE_RECOVER)"
6,stock,data/duel-engine-next/card-scripts/unofficial/c511002528.lua,19,511002528,,s.con,"ffa3,ffa4,tag",not in database,not in card database,not an operation-info call,excluded from active outcomes: not in database,source and database/ban/overlay check,"if ex and (cp==tp or cp==PLAYER_ALL) and not rd and not Duel.IsPlayerAffectedByEffect(tp,EFFECT_NO_EFFECT_DAMAGE)"
6,stock,data/duel-engine-next/card-scripts/unofficial/c511002528.lua,24,511002528,,s.con,"ffa3,ffa4,tag",not in database,not in card database,not an operation-info call,excluded from active outcomes: not in database,source and database/ban/overlay check,"return ex and (cp==tp or cp==PLAYER_ALL) and rr and not Duel.IsPlayerAffectedByEffect(tp,EFFECT_NO_EFFECT_DAMAGE) and cv>=1000"
6,stock,data/duel-engine-next/card-scripts/unofficial/c511002531.lua,35,511002531,,s.target,"ffa3,ffa4,tag",not in database,not in card database,accepted only if a nonnil exact-special-summon group has two cards; inspect guard or exact group,excluded from active outcomes: not in database,source and database/ban/overlay check,"Duel.SetOperationInfo(0,CATEGORY_SPECIAL_SUMMON,sg,#sg,#sg==1 and tp or PLAYER_ALL,sc:GetOwner())"
6,stock,data/duel-engine-next/card-scripts/unofficial/c511002555.lua,26,511002555,,s.damtg,"ffa3,ffa4,tag",not in database,not in card database,accepted; the special-summon group-size gate does not apply,excluded from active outcomes: not in database,source and database/ban/overlay check,"Duel.SetOperationInfo(0,CATEGORY_DAMAGE,nil,0,PLAYER_ALL,1000)"
6,stock,data/duel-engine-next/card-scripts/unofficial/c511002565.lua,28,511002565,,s.checkop,"ffa3,ffa4,tag",not in database,not in card database,not an operation-info call,excluded from active outcomes: not in database,source and database/ban/overlay check,if ep==PLAYER_ALL then
6,stock,data/duel-engine-next/card-scripts/unofficial/c511002586.lua,16,511002586,,s.condition,"ffa3,ffa4,tag",not in database,not in card database,not an operation-info call,excluded from active outcomes: not in database,source and database/ban/overlay check,if ex and (cp==tp or cp==PLAYER_ALL) then
6,stock,data/duel-engine-next/card-scripts/unofficial/c511002586.lua,21,511002586,,s.condition,"ffa3,ffa4,tag",not in database,not in card database,not an operation-info call,excluded from active outcomes: not in database,source and database/ban/overlay check,"if ex and (cp==tp or cp==PLAYER_ALL) and Duel.IsPlayerAffectedByEffect(tp,EFFECT_REVERSE_RECOVER) then"
6,stock,data/duel-engine-next/card-scripts/unofficial/c511002601.lua,36,511002601,,s.target,"ffa3,ffa4,tag",not in database,not in card database,accepted; the special-summon group-size gate does not apply,excluded from active outcomes: not in database,source and database/ban/overlay check,"Duel.SetOperationInfo(0,CATEGORY_DRAW,nil,0,PLAYER_ALL,1)"
6,stock,data/duel-engine-next/card-scripts/unofficial/c511002757.lua,39,511002757,,s.target,"ffa3,ffa4,tag",not in database,not in card database,accepted; no group object,excluded from active outcomes: not in database,source and database/ban/overlay check,"Duel.SetOperationInfo(0,CATEGORY_SPECIAL_SUMMON,nil,2,PLAYER_ALL,0)"
6,stock,data/duel-engine-next/card-scripts/unofficial/c511002764.lua,22,511002764,,s.rettg,"ffa3,ffa4,tag",not in database,not in card database,accepted; the special-summon group-size gate does not apply,excluded from active outcomes: not in database,source and database/ban/overlay check,"Duel.SetOperationInfo(0,CATEGORY_DAMAGE,nil,0,PLAYER_ALL,0)"
6,stock,data/duel-engine-next/card-scripts/unofficial/c511002778.lua,63,511002778,,s.destg,"ffa3,ffa4,tag",not in database,not in card database,accepted; the special-summon group-size gate does not apply,excluded from active outcomes: not in database,source and database/ban/overlay check,"Duel.SetOperationInfo(0,CATEGORY_DAMAGE,nil,0,PLAYER_ALL,0)"
6,stock,data/duel-engine-next/card-scripts/unofficial/c511002813.lua,19,511002813,,s.target,"ffa3,ffa4,tag",not in database,not in card database,accepted; the special-summon group-size gate does not apply,excluded from active outcomes: not in database,source and database/ban/overlay check,"Duel.SetOperationInfo(0,CATEGORY_TOGRAVE,g,#g,PLAYER_ALL,LOCATION_REMOVED)"
6,stock,data/duel-engine-next/card-scripts/unofficial/c511002829.lua,20,511002829,,s.target,"ffa3,ffa4,tag",not in database,not in card database,accepted; the special-summon group-size gate does not apply,excluded from active outcomes: not in database,source and database/ban/overlay check,"Duel.SetOperationInfo(0,CATEGORY_DRAW,nil,0,PLAYER_ALL,1)"
6,stock,data/duel-engine-next/card-scripts/unofficial/c511002891.lua,26,511002891,,s.target,"ffa3,ffa4,tag",not in database,not in card database,accepted; the special-summon group-size gate does not apply,excluded from active outcomes: not in database,source and database/ban/overlay check,"Duel.SetOperationInfo(0,CATEGORY_DAMAGE,nil,0,PLAYER_ALL,1000)"
6,stock,data/duel-engine-next/card-scripts/unofficial/c511002893.lua,18,511002893,,s.target,"ffa3,ffa4,tag",not in database,not in card database,accepted; the special-summon group-size gate does not apply,excluded from active outcomes: not in database,source and database/ban/overlay check,"Duel.SetOperationInfo(0,CATEGORY_DAMAGE,nil,0,PLAYER_ALL,0)"
6,stock,data/duel-engine-next/card-scripts/pre-errata/c511002998.lua,88,511002998,,s.discheck,"ffa3,ffa4,tag",not in database,not in card database,not an operation-info call,excluded from active outcomes: not in database,source and database/ban/overlay check,elseif p==PLAYER_ALL then return im0 and im1
6,stock,data/duel-engine-next/card-scripts/unofficial/c511003029.lua,25,511003029,,s.target,"ffa3,ffa4,tag",not in database,not in card database,accepted; the special-summon group-size gate does not apply,excluded from active outcomes: not in database,source and database/ban/overlay check,"Duel.SetOperationInfo(0,CATEGORY_DAMAGE,nil,0,PLAYER_ALL,a:GetAttack()+d:GetAttack())"
6,stock,data/duel-engine-next/card-scripts/unofficial/c511003084.lua,20,511003084,,s.target,"ffa3,ffa4,tag",not in database,not in card database,accepted; the special-summon group-size gate does not apply,excluded from active outcomes: not in database,source and database/ban/overlay check,"Duel.SetOperationInfo(0,CATEGORY_DRAW,nil,0,PLAYER_ALL,1)"
6,stock,data/duel-engine-next/card-scripts/unofficial/c511003243.lua,22,511003243,,s.target,"ffa3,ffa4,tag",not in database,not in card database,accepted; the special-summon group-size gate does not apply,excluded from active outcomes: not in database,source and database/ban/overlay check,"Duel.SetOperationInfo(0,CATEGORY_DRAW,nil,0,PLAYER_ALL,1)"
6,stock,data/duel-engine-next/card-scripts/unofficial/c511004417.lua,25,511004417,,s.target,"ffa3,ffa4,tag",not in database,not in card database,accepted; the special-summon group-size gate does not apply,excluded from active outcomes: not in database,source and database/ban/overlay check,"Duel.SetOperationInfo(0,CATEGORY_DRAW,0,0,PLAYER_ALL,2)"
6,stock,data/duel-engine-next/card-scripts/unofficial/c511004419.lua,34,511004419,,s.target,"ffa3,ffa4,tag",not in database,not in card database,not an operation-info call,excluded from active outcomes: not in database,source and database/ban/overlay check,dep=PLAYER_ALL
6,stock,data/duel-engine-next/card-scripts/unofficial/c511004419.lua,46,511004419,,s.operation,"ffa3,ffa4,tag",not in database,not in card database,not an operation-info call,excluded from active outcomes: not in database,source and database/ban/overlay check,if p~=PLAYER_ALL then
6,stock,data/duel-engine-next/card-scripts/unofficial/c511004427.lua,61,511004427,,s.condition2,"ffa3,ffa4,tag",not in database,not in card database,not an operation-info call,excluded from active outcomes: not in database,source and database/ban/overlay check,"if ex and (cp==tp or cp==PLAYER_ALL) and not rd and not Duel.IsPlayerAffectedByEffect(tp,EFFECT_NO_EFFECT_DAMAGE) then"
6,stock,data/duel-engine-next/card-scripts/unofficial/c511004427.lua,66,511004427,,s.condition2,"ffa3,ffa4,tag",not in database,not in card database,not an operation-info call,excluded from active outcomes: not in database,source and database/ban/overlay check,"if ex and (cp==tp or cp==PLAYER_ALL) and rr and not Duel.IsPlayerAffectedByEffect(tp,EFFECT_NO_EFFECT_DAMAGE) then"
6,stock,data/duel-engine-next/card-scripts/unofficial/c511004427.lua,75,511004427,,s.condition2,"ffa3,ffa4,tag",not in database,not in card database,not an operation-info call,excluded from active outcomes: not in database,source and database/ban/overlay check,"if ex and (cp==1-tp or cp==PLAYER_ALL) and not rd and not Duel.IsPlayerAffectedByEffect(1-tp,EFFECT_NO_EFFECT_DAMAGE) then"
6,stock,data/duel-engine-next/card-scripts/unofficial/c511004427.lua,80,511004427,,s.condition2,"ffa3,ffa4,tag",not in database,not in card database,not an operation-info call,excluded from active outcomes: not in database,source and database/ban/overlay check,"return ex and (cp==1-tp or cp==PLAYER_ALL) and rr and not Duel.IsPlayerAffectedByEffect(1-tp,EFFECT_NO_EFFECT_DAMAGE)"
6,stock,data/duel-engine-next/card-scripts/unofficial/c511005046.lua,35,511005046,,s.dm_tg,"ffa3,ffa4,tag",not in database,not in card database,accepted; the special-summon group-size gate does not apply,excluded from active outcomes: not in database,source and database/ban/overlay check,"Duel.SetOperationInfo(0,CATEGORY_DAMAGE,nil,0,PLAYER_ALL,e:GetLabel())"
6,stock,data/duel-engine-next/card-scripts/unofficial/c511005644.lua,40,511005644,,s.tg,"ffa3,ffa4,tag",not in database,not in card database,accepted; no group object,excluded from active outcomes: not in database,source and database/ban/overlay check,"Duel.SetOperationInfo(0,CATEGORY_SPECIAL_SUMMON,nil,1,PLAYER_ALL,LOCATION_GRAVE)"
6,stock,data/duel-engine-next/card-scripts/unofficial/c511007024.lua,25,511007024,,s.condition,"ffa3,ffa4,tag",not in database,not in card database,not an operation-info call,excluded from active outcomes: not in database,source and database/ban/overlay check,if ex and (cp~=tp or cp==PLAYER_ALL) then return true end
6,stock,data/duel-engine-next/card-scripts/unofficial/c511007024.lua,27,511007024,,s.condition,"ffa3,ffa4,tag",not in database,not in card database,not an operation-info call,excluded from active outcomes: not in database,source and database/ban/overlay check,"return ex and (cp~=tp or cp==PLAYER_ALL) and Duel.IsPlayerAffectedByEffect(1-tp,EFFECT_REVERSE_RECOVER)"
6,stock,data/duel-engine-next/card-scripts/unofficial/c511007024.lua,35,511007024,,s.condition2,"ffa3,ffa4,tag",not in database,not in card database,not an operation-info call,excluded from active outcomes: not in database,source and database/ban/overlay check,if ex and (cp~=tp or cp==PLAYER_ALL) then return true end
6,stock,data/duel-engine-next/card-scripts/unofficial/c511007024.lua,37,511007024,,s.condition2,"ffa3,ffa4,tag",not in database,not in card database,not an operation-info call,excluded from active outcomes: not in database,source and database/ban/overlay check,"return ex and (cp~=tp or cp==PLAYER_ALL) and Duel.IsPlayerAffectedByEffect(1-tp,EFFECT_REVERSE_RECOVER)"
6,stock,data/duel-engine-next/card-scripts/unofficial/c511009166.lua,147,511009166,,s.damtg,"ffa3,ffa4,tag",not in database,not in card database,accepted; the special-summon group-size gate does not apply,excluded from active outcomes: not in database,source and database/ban/overlay check,"Duel.SetOperationInfo(0,CATEGORY_DAMAGE,nil,0,PLAYER_ALL,ct*500)"
6,stock,data/duel-engine-next/card-scripts/unofficial/c511009304.lua,106,511009304,,s.destg,"ffa3,ffa4,tag",not in database,not in card database,accepted; the special-summon group-size gate does not apply,excluded from active outcomes: not in database,source and database/ban/overlay check,"Duel.SetOperationInfo(0,CATEGORY_DAMAGE,nil,0,PLAYER_ALL,0)"
6,stock,data/duel-engine-next/card-scripts/unofficial/c511009381.lua,133,511009381,,s.destg,"ffa3,ffa4,tag",not in database,not in card database,accepted; the special-summon group-size gate does not apply,excluded from active outcomes: not in database,source and database/ban/overlay check,"Duel.SetOperationInfo(0,CATEGORY_DAMAGE,nil,0,PLAYER_ALL,0)"
6,stock,data/duel-engine-next/card-scripts/unofficial/c511009441.lua,145,511009441,,s.damtg,"ffa3,ffa4,tag",not in database,not in card database,accepted; the special-summon group-size gate does not apply,excluded from active outcomes: not in database,source and database/ban/overlay check,"Duel.SetOperationInfo(0,CATEGORY_DAMAGE,nil,0,PLAYER_ALL,0)"
6,stock,data/duel-engine-next/card-scripts/unofficial/c511009446.lua,25,511009446,,s.target,"ffa3,ffa4,tag",not in database,not in card database,accepted; the special-summon group-size gate does not apply,excluded from active outcomes: not in database,source and database/ban/overlay check,"Duel.SetOperationInfo(0,CATEGORY_DAMAGE,nil,0,PLAYER_ALL,tc:GetAttack()/2)"
6,stock,data/duel-engine-next/card-scripts/unofficial/c511009533.lua,36,511009533,,s.target,"ffa3,ffa4,tag",not in database,not in card database,accepted; the special-summon group-size gate does not apply,excluded from active outcomes: not in database,source and database/ban/overlay check,"Duel.SetOperationInfo(0,CATEGORY_DAMAGE,nil,0,PLAYER_ALL,0)"
6,stock,data/duel-engine-next/card-scripts/unofficial/c511009546.lua,53,511009546,,s.target,"ffa3,ffa4,tag",not in database,not in card database,accepted; the special-summon group-size gate does not apply,excluded from active outcomes: not in database,source and database/ban/overlay check,"Duel.SetOperationInfo(0,CATEGORY_DAMAGE,nil,0,PLAYER_ALL,0)"
6,stock,data/duel-engine-next/card-scripts/unofficial/c511009609.lua,25,511009609,,s.target,"ffa3,ffa4,tag",not in database,not in card database,accepted; the special-summon group-size gate does not apply,excluded from active outcomes: not in database,source and database/ban/overlay check,"Duel.SetOperationInfo(0,CATEGORY_DRAW,nil,0,PLAYER_ALL,1)"
6,stock,data/duel-engine-next/card-scripts/unofficial/c511009737.lua,42,511009737,,s.damtg,"ffa3,ffa4,tag",not in database,not in card database,accepted; the special-summon group-size gate does not apply,excluded from active outcomes: not in database,source and database/ban/overlay check,"Duel.SetOperationInfo(0,CATEGORY_DAMAGE,nil,0,PLAYER_ALL,ct*300)"
6,stock,data/duel-engine-next/card-scripts/unofficial/c511010107.lua,90,511010107,,s.distg,"ffa3,ffa4,tag",not in database,not in card database,accepted; the special-summon group-size gate does not apply,excluded from active outcomes: not in database,source and database/ban/overlay check,"Duel.SetOperationInfo(0,CATEGORY_DISABLE,g,#g,PLAYER_ALL,0)"
6,stock,data/duel-engine-next/card-scripts/unofficial/c511010530.lua,24,511010530,,s.condition,"ffa3,ffa4,tag",not in database,not in card database,not an operation-info call,excluded from active outcomes: not in database,source and database/ban/overlay check,"if ex and (cp==tp or cp==PLAYER_ALL) and not rd and not Duel.IsPlayerAffectedByEffect(tp,EFFECT_NO_EFFECT_DAMAGE) then"
6,stock,data/duel-engine-next/card-scripts/unofficial/c511010530.lua,28,511010530,,s.condition,"ffa3,ffa4,tag",not in database,not in card database,not an operation-info call,excluded from active outcomes: not in database,source and database/ban/overlay check,"return ex and (cp==tp or cp==PLAYER_ALL) and rr and not Duel.IsPlayerAffectedByEffect(tp,EFFECT_NO_EFFECT_DAMAGE)"
6,stock,data/duel-engine-next/card-scripts/unofficial/c511013035.lua,33,511013035,,s.dmtg,"ffa3,ffa4,tag",not in database,not in card database,accepted; the special-summon group-size gate does not apply,excluded from active outcomes: not in database,source and database/ban/overlay check,"Duel.SetOperationInfo(0,CATEGORY_DAMAGE,nil,0,PLAYER_ALL,1000)"
6,stock,data/duel-engine-next/card-scripts/unofficial/c511015122.lua,23,511015122,,s.condition,"ffa3,ffa4,tag",not in database,not in card database,not an operation-info call,excluded from active outcomes: not in database,source and database/ban/overlay check,"if ex and (cp==tp or cp==PLAYER_ALL) and not rd and not Duel.IsPlayerAffectedByEffect(tp,EFFECT_NO_EFFECT_DAMAGE) then"
6,stock,data/duel-engine-next/card-scripts/unofficial/c511015122.lua,28,511015122,,s.condition,"ffa3,ffa4,tag",not in database,not in card database,not an operation-info call,excluded from active outcomes: not in database,source and database/ban/overlay check,"return ex and (cp==tp or cp==PLAYER_ALL) and rr and not Duel.IsPlayerAffectedByEffect(tp,EFFECT_NO_EFFECT_DAMAGE)"
6,stock,data/duel-engine-next/card-scripts/unofficial/c511018002.lua,60,511018002,,s.edcon,"ffa3,ffa4,tag",not in database,not in card database,not an operation-info call,excluded from active outcomes: not in database,source and database/ban/overlay check,if ex and (cp==tp or cp==PLAYER_ALL) and not rd
6,stock,data/duel-engine-next/card-scripts/unofficial/c511018002.lua,65,511018002,,s.edcon,"ffa3,ffa4,tag",not in database,not in card database,not an operation-info call,excluded from active outcomes: not in database,source and database/ban/overlay check,return ex and (cp==tp or cp==PLAYER_ALL) and rr
6,stock,data/duel-engine-next/card-scripts/unofficial/c511027092.lua,61,511027092,,s.target,"ffa3,ffa4,tag",not in database,not in card database,accepted; the special-summon group-size gate does not apply,excluded from active outcomes: not in database,source and database/ban/overlay check,"Duel.SetOperationInfo(0,CATEGORY_DAMAGE,nil,0,PLAYER_ALL,0)"
6,stock,data/duel-engine-next/card-scripts/unofficial/c511027112.lua,67,511027112,,s.effdamcon,"ffa3,ffa4,tag",not in database,not in card database,not an operation-info call,excluded from active outcomes: not in database,source and database/ban/overlay check,"if ex and (cp==tp or cp==PLAYER_ALL) and not rd and not Duel.IsPlayerAffectedByEffect(tp,EFFECT_NO_EFFECT_DAMAGE) then"
6,stock,data/duel-engine-next/card-scripts/unofficial/c511027112.lua,72,511027112,,s.effdamcon,"ffa3,ffa4,tag",not in database,not in card database,not an operation-info call,excluded from active outcomes: not in database,source and database/ban/overlay check,"if ex and (cp==tp or cp==PLAYER_ALL) and rr and not Duel.IsPlayerAffectedByEffect(tp,EFFECT_NO_EFFECT_DAMAGE) then"
6,stock,data/duel-engine-next/card-scripts/unofficial/c511027675.lua,29,511027675,,s.condition,"ffa3,ffa4,tag",not in database,not in card database,not an operation-info call,excluded from active outcomes: not in database,source and database/ban/overlay check,if ex and (cp==tp or cp==PLAYER_ALL) and not rd
6,stock,data/duel-engine-next/card-scripts/unofficial/c511027675.lua,34,511027675,,s.condition,"ffa3,ffa4,tag",not in database,not in card database,not an operation-info call,excluded from active outcomes: not in database,source and database/ban/overlay check,return ex and (cp==tp or cp==PLAYER_ALL) and rr
6,stock,data/duel-engine-next/card-scripts/unofficial/c511030057.lua,72,511030057,,s.sptg,"ffa3,ffa4,tag",not in database,not in card database,accepted; the special-summon group-size gate does not apply,excluded from active outcomes: not in database,source and database/ban/overlay check,"Duel.SetOperationInfo(0,CATEGORY_REMOVE,rmg+e:GetHandler(),2,PLAYER_ALL,rmg:GetFirst():GetLocation()+e:GetHandler():GetLocation())"
6,stock,data/duel-engine-next/card-scripts/unofficial/c511030059.lua,49,511030059,,s.target,"ffa3,ffa4,tag",not in database,not in card database,accepted; no group object,excluded from active outcomes: not in database,source and database/ban/overlay check,"Duel.SetOperationInfo(0,CATEGORY_SPECIAL_SUMMON,nil,2,PLAYER_ALL,LOCATION_GRAVE|LOCATION_REMOVED)"
6,stock,data/duel-engine-next/card-scripts/unofficial/c511030073.lua,73,511030073,,s.dmgtg,"ffa3,ffa4,tag",not in database,not in card database,accepted; the special-summon group-size gate does not apply,excluded from active outcomes: not in database,source and database/ban/overlay check,"Duel.SetOperationInfo(0,CATEGORY_DAMAGE,nil,0,PLAYER_ALL,dg:GetFirst():GetBaseAttack())"
6,stock,data/duel-engine-next/card-scripts/unofficial/c511247019.lua,48,511247019,,s.regcon,"ffa3,ffa4,tag",not in database,not in card database,not an operation-info call,excluded from active outcomes: not in database,source and database/ban/overlay check,if d1 and d2 then evt_p=PLAYER_ALL
6,stock,data/duel-engine-next/card-scripts/unofficial/c511247019.lua,65,511247019,,s.spsummonxyzdamop,"ffa3,ffa4,tag",not in database,not in card database,not an operation-info call,excluded from active outcomes: not in database,source and database/ban/overlay check,if ep==PLAYER_ALL then
6,stock,data/duel-engine-next/card-scripts/unofficial/c511600000.lua,56,511600000,,s.destg,"ffa3,ffa4,tag",not in database,not in card database,accepted; the special-summon group-size gate does not apply,excluded from active outcomes: not in database,source and database/ban/overlay check,"Duel.SetOperationInfo(0,CATEGORY_DESTROY,g,#g,PLAYER_ALL,LOCATION_STZONE)"
6,stock,data/duel-engine-next/card-scripts/unofficial/c511600003.lua,62,511600003,,s.target,"ffa3,ffa4,tag",not in database,not in card database,accepted; the special-summon group-size gate does not apply,excluded from active outcomes: not in database,source and database/ban/overlay check,"Duel.SetOperationInfo(0,CATEGORY_REMOVE,g,#g,PLAYER_ALL,LOCATION_GRAVE)"
6,stock,data/duel-engine-next/card-scripts/unofficial/c511600179.lua,34,511600179,,s.condition,"ffa3,ffa4,tag",not in database,not in card database,not an operation-info call,excluded from active outcomes: not in database,source and database/ban/overlay check,"if (cp==tp or cp==PLAYER_ALL) and not rd and not Duel.IsPlayerAffectedByEffect(tp,EFFECT_NO_EFFECT_DAMAGE) then"
6,stock,data/duel-engine-next/card-scripts/unofficial/c511600179.lua,36,511600179,,s.condition,"ffa3,ffa4,tag",not in database,not in card database,not an operation-info call,excluded from active outcomes: not in database,source and database/ban/overlay check,"elseif (cp==1-tp or cp==PLAYER_ALL) and not rd2 and not Duel.IsPlayerAffectedByEffect(1-tp,EFFECT_NO_EFFECT_DAMAGE) then"
6,stock,data/duel-engine-next/card-scripts/unofficial/c511600179.lua,42,511600179,,s.condition,"ffa3,ffa4,tag",not in database,not in card database,not an operation-info call,excluded from active outcomes: not in database,source and database/ban/overlay check,"if (cp==tp or cp==PLAYER_ALL) and not rr and not Duel.IsPlayerAffectedByEffect(tp,EFFECT_NO_EFFECT_DAMAGE) then"
6,stock,data/duel-engine-next/card-scripts/unofficial/c511600179.lua,44,511600179,,s.condition,"ffa3,ffa4,tag",not in database,not in card database,not an operation-info call,excluded from active outcomes: not in database,source and database/ban/overlay check,"elseif (cp==1-tp or cp==PLAYER_ALL) and not rr2 and not Duel.IsPlayerAffectedByEffect(1-tp,EFFECT_NO_EFFECT_DAMAGE) then"
6,stock,data/duel-engine-next/card-scripts/unofficial/c511600202.lua,28,511600202,,s.target,"ffa3,ffa4,tag",not in database,not in card database,accepted; the special-summon group-size gate does not apply,excluded from active outcomes: not in database,source and database/ban/overlay check,"Duel.SetOperationInfo(0,CATEGORY_DESTROY,dg+Duel.GetMatchingGroup(s.cfilter,tp,0,LOCATION_MZONE,nil,atk),#dg+1,PLAYER_ALL,LOCATION_MZONE)"
6,stock,data/duel-engine-next/card-scripts/unofficial/c511600202.lua,29,511600202,,s.target,"ffa3,ffa4,tag",not in database,not in card database,accepted; the special-summon group-size gate does not apply,excluded from active outcomes: not in database,source and database/ban/overlay check,"Duel.SetOperationInfo(0,CATEGORY_DAMAGE,nil,0,PLAYER_ALL,tc:GetFirst():GetTextAttack())"
6,stock,data/duel-engine-next/card-scripts/unofficial/c511600210.lua,95,511600210,,s.destg,"ffa3,ffa4,tag",not in database,not in card database,accepted; the special-summon group-size gate does not apply,excluded from active outcomes: not in database,source and database/ban/overlay check,"Duel.SetOperationInfo(0,CATEGORY_DISABLE,g,#g,PLAYER_ALL,LOCATION_MZONE)"
6,stock,data/duel-engine-next/card-scripts/unofficial/c511600210.lua,96,511600210,,s.destg,"ffa3,ffa4,tag",not in database,not in card database,accepted; the special-summon group-size gate does not apply,excluded from active outcomes: not in database,source and database/ban/overlay check,"Duel.SetOperationInfo(0,CATEGORY_DESTROY,g,#g,PLAYER_ALL,LOCATION_MZONE)"
6,stock,data/duel-engine-next/card-scripts/unofficial/c511600315.lua,61,511600315,,s.damcon,"ffa3,ffa4,tag",not in database,not in card database,not an operation-info call,excluded from active outcomes: not in database,source and database/ban/overlay check,"if ex and (cp==p or p==PLAYER_ALL) and not rd and not Duel.IsPlayerAffectedByEffect(p,EFFECT_NO_EFFECT_DAMAGE) then"
6,stock,data/duel-engine-next/card-scripts/unofficial/c511600315.lua,65,511600315,,s.damcon,"ffa3,ffa4,tag",not in database,not in card database,not an operation-info call,excluded from active outcomes: not in database,source and database/ban/overlay check,"if ex and (p==tp or p==PLAYER_ALL) and rr and not Duel.IsPlayerAffectedByEffect(p,EFFECT_NO_EFFECT_DAMAGE) then"
6,stock,data/duel-engine-next/card-scripts/unofficial/c513000062.lua,167,513000062,,s.con,"ffa3,ffa4,tag",not in database,not in card database,not an operation-info call,excluded from active outcomes: not in database,source and database/ban/overlay check,if ex and (cp==tp or cp==PLAYER_ALL) and cv>=1000 then return true end
6,stock,data/duel-engine-next/card-scripts/unofficial/c513000062.lua,169,513000062,,s.con,"ffa3,ffa4,tag",not in database,not in card database,not an operation-info call,excluded from active outcomes: not in database,source and database/ban/overlay check,"return ex and (cp==tp or cp==PLAYER_ALL) and Duel.IsPlayerAffectedByEffect(tp,EFFECT_REVERSE_RECOVER) and cv>=1000"
6,stock,data/duel-engine-next/card-scripts/unofficial/c513000082.lua,34,513000082,,s.tg,"ffa3,ffa4,tag",not in database,not in card database,accepted; the special-summon group-size gate does not apply,excluded from active outcomes: not in database,source and database/ban/overlay check,"Duel.SetOperationInfo(0,CATEGORY_DAMAGE,nil,0,PLAYER_ALL,800)"
6,stock,data/duel-engine-next/card-scripts/unofficial/c513000108.lua,48,513000108,,s.condition,"ffa3,ffa4,tag",not in database,not in card database,not an operation-info call,excluded from active outcomes: not in database,source and database/ban/overlay check,"if ex and (cp==tp or cp==PLAYER_ALL) and not rd and not Duel.IsPlayerAffectedByEffect(tp,EFFECT_NO_EFFECT_DAMAGE) then"
6,stock,data/duel-engine-next/card-scripts/unofficial/c513000108.lua,53,513000108,,s.condition,"ffa3,ffa4,tag",not in database,not in card database,not an operation-info call,excluded from active outcomes: not in database,source and database/ban/overlay check,"if ex and (cp==tp or cp==PLAYER_ALL) and rr and not Duel.IsPlayerAffectedByEffect(tp,EFFECT_NO_EFFECT_DAMAGE) then"
6,stock,data/duel-engine-next/card-scripts/unofficial/c513000140.lua,97,513000140,,s.ngcon,"ffa3,ffa4,tag",not in database,not in card database,not an operation-info call,excluded from active outcomes: not in database,source and database/ban/overlay check,if ex and (cp==p or cp==PLAYER_ALL) and not rr then
6,stock,data/duel-engine-next/card-scripts/unofficial/c513000140.lua,101,513000140,,s.ngcon,"ffa3,ffa4,tag",not in database,not in card database,not an operation-info call,excluded from active outcomes: not in database,source and database/ban/overlay check,if ex and (cp==p or cp==PLAYER_ALL) and rd then
6,stock,data/duel-engine-next/card-scripts/unofficial/c513000147.lua,24,513000147,,s.target,"ffa3,ffa4,tag",not in database,not in card database,accepted; the special-summon group-size gate does not apply,excluded from active outcomes: not in database,source and database/ban/overlay check,"Duel.SetOperationInfo(0,CATEGORY_DAMAGE,nil,0,PLAYER_ALL,#g*300)"
6,stock,data/duel-engine-next/card-scripts/unofficial/c513000179.lua,25,513000179,,s.target,"ffa3,ffa4,tag",not in database,not in card database,accepted; the special-summon group-size gate does not apply,excluded from active outcomes: not in database,source and database/ban/overlay check,"Duel.SetOperationInfo(0,CATEGORY_DAMAGE,nil,0,PLAYER_ALL,a:GetAttack()+d:GetAttack())"
6,stock,data/duel-engine-next/card-scripts/official/c52350806.lua,69,52350806,Danger! Mothman!,s.drtg,"ffa3,ffa4,tag",overridden stock function,stock function replaced by overlay,accepted; the special-summon group-size gate does not apply,excluded from active outcomes: overridden stock function,source and database/ban/overlay check,"Duel.SetOperationInfo(0,CATEGORY_HANDES,nil,0,PLAYER_ALL,1)"
6,stock,data/duel-engine-next/card-scripts/official/c52350806.lua,70,52350806,Danger! Mothman!,s.drtg,"ffa3,ffa4,tag",overridden stock function,stock function replaced by overlay,accepted; the special-summon group-size gate does not apply,excluded from active outcomes: overridden stock function,source and database/ban/overlay check,"Duel.SetOperationInfo(0,CATEGORY_DRAW,nil,0,PLAYER_ALL,1)"
6,stock,data/duel-engine-next/card-scripts/official/c56673480.lua,53,56673480,Contract with Don Thousand,s.target,"ffa3,ffa4,tag",overridden stock function,stock function replaced by overlay,accepted; the special-summon group-size gate does not apply,excluded from active outcomes: overridden stock function,source and database/ban/overlay check,"Duel.SetOperationInfo(0,CATEGORY_DRAW,nil,0,PLAYER_ALL,1)"
6,stock,data/duel-engine-next/card-scripts/official/c58551308.lua,41,58551308,Spear Cretin,s.sptg,"ffa3,ffa4,tag",overridden stock function,stock function replaced by overlay,accepted only if a nonnil exact-special-summon group has two cards; inspect guard or exact group,excluded from active outcomes: overridden stock function,source and database/ban/overlay check,"Duel.SetOperationInfo(0,CATEGORY_SPECIAL_SUMMON,g1,2,PLAYER_ALL,g1:GetFirst():GetOwner())"
6,overlay,packages/duel-server/domain-core/multi-scripts/c58551308.lua,14,58551308,Spear Cretin,s.sptg,"ffa3,ffa4,tag",comment,new or changed line,not an operation-info call,excluded from active outcomes: comment,source and database/ban/overlay check,-- The core accepts CATEGORY_SPECIAL_SUMMON with PLAYER_ALL only for a group of exactly 2 cards (both sides summon): any other size is a Lua error.
6,stock,data/duel-engine-next/card-scripts/official/c59094601.lua,46,59094601,The Revived Sky God,s.target,"ffa3,ffa4,tag",overridden stock function,stock function replaced by overlay,accepted; the special-summon group-size gate does not apply,excluded from active outcomes: overridden stock function,source and database/ban/overlay check,"Duel.SetOperationInfo(0,CATEGORY_DRAW,nil,0,PLAYER_ALL,ct1+ct2)"
6,stock,data/duel-engine-next/card-scripts/official/c62320425.lua,66,62320425,Agido the Ancient Sentinel,s.tgtg,"ffa3,ffa4,tag",overridden stock function,stock function replaced by overlay,accepted; the special-summon group-size gate does not apply,excluded from active outcomes: overridden stock function,source and database/ban/overlay check,"Duel.SetOperationInfo(0,CATEGORY_DECKDES,nil,0,PLAYER_ALL,5)"
6,stock,data/duel-engine-next/card-scripts/official/c64233143.lua,44,64233143,,s.target,"ffa3,ffa4,tag",not in database,not in card database,accepted; no special-summon group-size gate,excluded from active outcomes: not in database,source and database/ban/overlay check,"Duel.SetPossibleOperationInfo(0,CATEGORY_DESTROY,nil,1,PLAYER_ALL,LOCATION_MZONE)"
6,stock,data/duel-engine-next/card-scripts/official/c65589010.lua,74,65589010,Dogmatika Nation,s.gytg,"ffa3,ffa4,tag",overridden stock function,stock function replaced by overlay,accepted; the special-summon group-size gate does not apply,excluded from active outcomes: overridden stock function,source and database/ban/overlay check,"Duel.SetOperationInfo(0,CATEGORY_TOGRAVE,nil,2,PLAYER_ALL,LOCATION_EXTRA)"
6,stock,data/duel-engine-next/card-scripts/official/c66926224.lua,30,66926224,The Law of the Normal,s.target,"ffa3,ffa4,tag",overridden stock function,active,accepted; the special-summon group-size gate does not apply,excluded from active outcomes: overridden stock function,source and database/ban/overlay check,"Duel.SetOperationInfo(0,CATEGORY_HANDES,nil,0,PLAYER_ALL,1)"
6,stock,data/duel-engine-next/card-scripts/official/c68078978.lua,51,68078978,Fortune Fairy Chee,s.drtg,"ffa3,ffa4,tag",overridden stock function,stock function replaced by overlay,accepted; the special-summon group-size gate does not apply,excluded from active outcomes: overridden stock function,source and database/ban/overlay check,"Duel.SetOperationInfo(0,CATEGORY_DRAW,nil,0,PLAYER_ALL,1)"
6,stock,data/duel-engine-next/card-scripts/official/c69402394.lua,24,69402394,Dark Scheme,s.target,"ffa3,ffa4,tag",overridden stock function,stock function replaced by overlay,accepted; the special-summon group-size gate does not apply,excluded from active outcomes: overridden stock function,source and database/ban/overlay check,"Duel.SetOperationInfo(0,CATEGORY_DRAW,nil,0,PLAYER_ALL,2)"
6,stock,data/duel-engine-next/card-scripts/official/c69840739.lua,43,69840739,Artifact Durendal,s.efftg,"ffa3,ffa4,tag",overridden stock function,stock function replaced by overlay,accepted; the special-summon group-size gate does not apply,excluded from active outcomes: overridden stock function,source and database/ban/overlay check,"Duel.SetOperationInfo(0,CATEGORY_TODECK,nil,1,PLAYER_ALL,LOCATION_HAND)"
6,stock,data/duel-engine-next/card-scripts/official/c69840739.lua,44,69840739,Artifact Durendal,s.efftg,"ffa3,ffa4,tag",overridden stock function,stock function replaced by overlay,accepted; the special-summon group-size gate does not apply,excluded from active outcomes: overridden stock function,source and database/ban/overlay check,"Duel.SetOperationInfo(0,CATEGORY_DRAW,nil,0,PLAYER_ALL,1)"
6,stock,data/duel-engine-next/card-scripts/official/c71645242.lua,67,71645242,Black Garden,s.atksptg,"ffa3,ffa4,tag",overridden stock function,stock function replaced by overlay,not an operation-info call,excluded from active outcomes: overridden stock function,source and database/ban/overlay check,p=PLAYER_ALL
6,stock,data/duel-engine-next/card-scripts/official/c72405967.lua,18,72405967,Royal Tribute,s.handestg,"ffa3,ffa4,tag",overridden stock function,stock function replaced by overlay,accepted; the special-summon group-size gate does not apply,excluded from active outcomes: overridden stock function,source and database/ban/overlay check,"Duel.SetOperationInfo(0,CATEGORY_HANDES,nil,0,PLAYER_ALL,0)"
6,stock,data/duel-engine-next/card-scripts/official/c72405967.lua,19,72405967,Royal Tribute,s.handestg,"ffa3,ffa4,tag",overridden stock function,stock function replaced by overlay,accepted; the special-summon group-size gate does not apply,excluded from active outcomes: overridden stock function,source and database/ban/overlay check,"Duel.SetOperationInfo(0,CATEGORY_TOGRAVE,nil,1,PLAYER_ALL,LOCATION_HAND)"
6,stock,data/duel-engine-next/card-scripts/official/c72892473.lua,21,72892473,Card Destruction,s.target,tag,overridden stock function,active,accepted; the special-summon group-size gate does not apply,excluded from active outcomes: overridden stock function,source and database/ban/overlay check,"Duel.SetOperationInfo(0,CATEGORY_HANDES,nil,0,PLAYER_ALL,1)"
6,stock,data/duel-engine-next/card-scripts/official/c72892473.lua,22,72892473,Card Destruction,s.target,tag,overridden stock function,active,accepted; the special-summon group-size gate does not apply,excluded from active outcomes: overridden stock function,source and database/ban/overlay check,"Duel.SetOperationInfo(0,CATEGORY_DRAW,nil,0,PLAYER_ALL,1)"
6,stock,data/duel-engine-next/card-scripts/official/c73082255.lua,57,73082255,The Zombie Vampire,s.gytg,"ffa3,ffa4,tag",overridden stock function,stock function replaced by overlay,accepted; the special-summon group-size gate does not apply,excluded from active outcomes: overridden stock function,source and database/ban/overlay check,"Duel.SetOperationInfo(0,CATEGORY_DECKDES,0,0,PLAYER_ALL,4)"
6,stock,data/duel-engine-next/card-scripts/official/c73443672.lua,36,73443672,Underworld Circle,s.target,"ffa3,ffa4,tag",overridden stock function,active,accepted; the special-summon group-size gate does not apply,excluded from active outcomes: overridden stock function,source and database/ban/overlay check,"Duel.SetOperationInfo(0,CATEGORY_REMOVE,nil,1,PLAYER_ALL,LOCATION_DECK)"
6,stock,data/duel-engine-next/card-scripts/official/c74117290.lua,16,74117290,Dark World Dealings,s.target,"ffa3,ffa4,tag",overridden stock function,stock function replaced by overlay,accepted; the special-summon group-size gate does not apply,excluded from active outcomes: overridden stock function,source and database/ban/overlay check,"Duel.SetOperationInfo(0,CATEGORY_HANDES,nil,0,PLAYER_ALL,1)"
6,stock,data/duel-engine-next/card-scripts/official/c74117290.lua,17,74117290,Dark World Dealings,s.target,"ffa3,ffa4,tag",overridden stock function,stock function replaced by overlay,accepted; the special-summon group-size gate does not apply,excluded from active outcomes: overridden stock function,source and database/ban/overlay check,"Duel.SetOperationInfo(0,CATEGORY_DRAW,nil,0,PLAYER_ALL,1)"
6,stock,data/duel-engine-next/card-scripts/official/c74426895.lua,92,74426895,Awakening of the Possessed - Gagigobyte,s.tgtg,"ffa3,ffa4,tag",overridden stock function,stock function replaced by overlay,accepted; the special-summon group-size gate does not apply,excluded from active outcomes: overridden stock function,source and database/ban/overlay check,"Duel.SetOperationInfo(0,CATEGORY_DRAW,nil,0,PLAYER_ALL,1)"
6,stock,data/duel-engine-next/card-scripts/official/c74519184.lua,21,74519184,Hand Destruction,s.target,tag,overridden stock function,active,accepted; the special-summon group-size gate does not apply,excluded from active outcomes: overridden stock function,source and database/ban/overlay check,"Duel.SetOperationInfo(0,CATEGORY_HANDES,nil,0,PLAYER_ALL,2)"
6,stock,data/duel-engine-next/card-scripts/official/c74519184.lua,22,74519184,Hand Destruction,s.target,tag,overridden stock function,active,accepted; the special-summon group-size gate does not apply,excluded from active outcomes: overridden stock function,source and database/ban/overlay check,"Duel.SetOperationInfo(0,CATEGORY_DRAW,nil,0,PLAYER_ALL,2)"
6,stock,data/duel-engine-next/card-scripts/official/c76334960.lua,43,76334960,,s.initial_effect,"ffa3,ffa4,tag",not in database,not in card database,accepted; the special-summon group-size gate does not apply,excluded from active outcomes: not in database,source and database/ban/overlay check,"Duel.SetOperationInfo(0,CATEGORY_REMOVE,nil,2,PLAYER_ALL,LOCATION_ONFIELD)"
6,stock,data/duel-engine-next/card-scripts/official/c77066768.lua,39,77066768,Card Scanner,s.decltg,"ffa3,ffa4,tag",overridden stock function,stock function replaced by overlay,accepted; no special-summon group-size gate,excluded from active outcomes: overridden stock function,source and database/ban/overlay check,"Duel.SetPossibleOperationInfo(0,CATEGORY_TOHAND,nil,1,PLAYER_ALL,LOCATION_DECK)"
6,stock,data/duel-engine-next/card-scripts/official/c78098950.lua,32,78098950,Tsumuha-Kutsunagi the Lord of Swords,s.gytg,"ffa3,ffa4,tag",overridden stock function,stock function replaced by overlay,accepted; no special-summon group-size gate,excluded from active outcomes: overridden stock function,source and database/ban/overlay check,"Duel.SetPossibleOperationInfo(0,CATEGORY_DRAW,nil,0,PLAYER_ALL,1)"
6,stock,data/duel-engine-next/card-scripts/official/c78098950.lua,33,78098950,Tsumuha-Kutsunagi the Lord of Swords,s.gytg,"ffa3,ffa4,tag",overridden stock function,stock function replaced by overlay,accepted; no special-summon group-size gate,excluded from active outcomes: overridden stock function,source and database/ban/overlay check,"Duel.SetPossibleOperationInfo(0,CATEGORY_TODECK,nil,1,PLAYER_ALL,LOCATION_REMOVED|LOCATION_ONFIELD|LOCATION_GRAVE)"
6,stock,data/duel-engine-next/card-scripts/official/c82734805.lua,52,82734805,Infernoid Tierra,s.tg,"ffa3,ffa4,tag",overridden stock function,stock function replaced by overlay,accepted; the special-summon group-size gate does not apply,excluded from active outcomes: overridden stock function,source and database/ban/overlay check,"if con5 then Duel.SetOperationInfo(0,CATEGORY_DECKDES,nil,0,PLAYER_ALL,3) end"
6,stock,data/duel-engine-next/card-scripts/official/c84136000.lua,36,84136000,The Grave of Enkindling,s.target,"ffa3,ffa4,tag",overridden stock function,stock function replaced by overlay,accepted only if a nonnil exact-special-summon group has two cards; inspect guard or exact group,excluded from active outcomes: overridden stock function,source and database/ban/overlay check,"Duel.SetOperationInfo(0,CATEGORY_SPECIAL_SUMMON,g1,2,PLAYER_ALL,g1:GetFirst():GetOwner())"
6,overlay,packages/duel-server/domain-core/multi-scripts/c84136000.lua,30,84136000,The Grave of Enkindling,filter,"ffa3,ffa4,tag",comment,new or changed line,not an operation-info call,excluded from active outcomes: comment,source and database/ban/overlay check,-- A non-nil Special Summon group with PLAYER_ALL must contain exactly two cards.
6,stock,data/duel-engine-next/card-scripts/official/c85862791.lua,22,85862791,Fighting Dirty,s.target,"ffa3,ffa4,tag",overridden stock function,stock function replaced by overlay,accepted; the special-summon group-size gate does not apply,excluded from active outcomes: overridden stock function,source and database/ban/overlay check,"Duel.SetOperationInfo(0,CATEGORY_DRAW,nil,0,PLAYER_ALL,2)"
6,stock,data/duel-engine-next/card-scripts/official/c89405199.lua,54,89405199,Greed,s.damtg,"ffa3,ffa4,tag",overridden stock function,stock function replaced by overlay,accepted; the special-summon group-size gate does not apply,excluded from active outcomes: overridden stock function,source and database/ban/overlay check,"Duel.SetOperationInfo(0,CATEGORY_DAMAGE,nil,0,PLAYER_ALL,0)"
6,stock,data/duel-engine-next/card-scripts/official/c89462956.lua,17,89462956,Dealer's Choice,s.target,"ffa3,ffa4,tag",overridden stock function,stock function replaced by overlay,accepted; the special-summon group-size gate does not apply,excluded from active outcomes: overridden stock function,source and database/ban/overlay check,"Duel.SetOperationInfo(0,CATEGORY_HANDES,nil,0,PLAYER_ALL,1)"
6,stock,data/duel-engine-next/card-scripts/official/c89462956.lua,18,89462956,Dealer's Choice,s.target,"ffa3,ffa4,tag",overridden stock function,stock function replaced by overlay,accepted; the special-summon group-size gate does not apply,excluded from active outcomes: overridden stock function,source and database/ban/overlay check,"Duel.SetOperationInfo(0,CATEGORY_DRAW,nil,0,PLAYER_ALL,1)"
6,stock,data/duel-engine-next/card-scripts/official/c92219931.lua,16,92219931,Simultaneous Loss,s.discost,"ffa3,ffa4,tag",overridden stock function,stock function replaced by overlay,accepted; the special-summon group-size gate does not apply,excluded from active outcomes: overridden stock function,source and database/ban/overlay check,"Duel.SetOperationInfo(0,CATEGORY_DECKDES,nil,0,PLAYER_ALL,1)"
6,stock,data/duel-engine-next/card-scripts/official/c93671934.lua,51,93671934,Morale Boost,s.damcon,"ffa3,ffa4,tag",overridden stock function,stock function replaced by overlay,not an operation-info call,excluded from active outcomes: overridden stock function,source and database/ban/overlay check,"e:SetLabel(({0,1,PLAYER_ALL})[flag])"
6,stock,data/duel-engine-next/card-scripts/official/c94145021.lua,35,94145021,Droll & Lock Bird,s.regcon,tag,overridden stock function,stock function replaced by overlay,not an operation-info call,excluded from active outcomes: overridden stock function,source and database/ban/overlay check,"e:SetLabel(({0,1,PLAYER_ALL})[v])"
6,stock,data/duel-engine-next/card-scripts/official/c94145021.lua,42,94145021,Droll & Lock Bird,s.condition,tag,overridden stock function,stock function replaced by overlay,not an operation-info call,excluded from active outcomes: overridden stock function,source and database/ban/overlay check,return ev==1-tp or ev==PLAYER_ALL
6,stock,data/duel-engine-next/card-scripts/official/c94667532.lua,31,94667532,Mecha-Dog Marron,s.damop,"ffa3,ffa4,tag",overridden stock function,active,not an operation-info call,excluded from active outcomes: overridden stock function,source and database/ban/overlay check,if p==PLAYER_ALL then
6,stock,data/duel-engine-next/card-scripts/unofficial/c95000000.lua,113,95000000,,s.initial_effect,"ffa3,ffa4,tag",not in database,not in card database,not an operation-info call,excluded from active outcomes: not in database,source and database/ban/overlay check,elseif tp==PLAYER_NONE or tp==PLAYER_ALL then
6,stock,data/duel-engine-next/card-scripts/unofficial/c95200001.lua,15,95200001,,s.target,"ffa3,ffa4,tag",not in database,not in card database,accepted; the special-summon group-size gate does not apply,excluded from active outcomes: not in database,source and database/ban/overlay check,"Duel.SetOperationInfo(0,CATEGORY_TOHAND,nil,1,PLAYER_ALL,LOCATION_DECK)"
6,stock,data/duel-engine-next/card-scripts/unofficial/c95200002.lua,15,95200002,,s.target,"ffa3,ffa4,tag",not in database,not in card database,accepted; the special-summon group-size gate does not apply,excluded from active outcomes: not in database,source and database/ban/overlay check,"Duel.SetOperationInfo(0,CATEGORY_TOGRAVE,nil,1,PLAYER_ALL,LOCATION_DECK)"
6,stock,data/duel-engine-next/card-scripts/unofficial/c95200004.lua,15,95200004,,s.target,"ffa3,ffa4,tag",not in database,not in card database,accepted; the special-summon group-size gate does not apply,excluded from active outcomes: not in database,source and database/ban/overlay check,"Duel.SetOperationInfo(0,CATEGORY_HANDES,nil,0,PLAYER_ALL,1)"
6,stock,data/duel-engine-next/card-scripts/unofficial/c95200004.lua,16,95200004,,s.target,"ffa3,ffa4,tag",not in database,not in card database,accepted; the special-summon group-size gate does not apply,excluded from active outcomes: not in database,source and database/ban/overlay check,"Duel.SetOperationInfo(0,CATEGORY_DRAW,nil,0,PLAYER_ALL,1)"
6,stock,data/duel-engine-next/card-scripts/unofficial/c95200005.lua,15,95200005,,s.target,"ffa3,ffa4,tag",not in database,not in card database,accepted; the special-summon group-size gate does not apply,excluded from active outcomes: not in database,source and database/ban/overlay check,"Duel.SetOperationInfo(0,CATEGORY_TOHAND,nil,1,PLAYER_ALL,LOCATION_GRAVE)"
6,stock,data/duel-engine-next/card-scripts/unofficial/c95200006.lua,15,95200006,,s.target,"ffa3,ffa4,tag",not in database,not in card database,accepted; the special-summon group-size gate does not apply,excluded from active outcomes: not in database,source and database/ban/overlay check,"Duel.SetOperationInfo(0,CATEGORY_TODECK,nil,1,PLAYER_ALL,LOCATION_HAND)"
6,stock,data/duel-engine-next/card-scripts/unofficial/c95200006.lua,16,95200006,,s.target,"ffa3,ffa4,tag",not in database,not in card database,accepted; the special-summon group-size gate does not apply,excluded from active outcomes: not in database,source and database/ban/overlay check,"Duel.SetOperationInfo(0,CATEGORY_DRAW,nil,0,PLAYER_ALL,2)"
6,stock,data/duel-engine-next/card-scripts/unofficial/c95200009.lua,15,95200009,,s.target,"ffa3,ffa4,tag",not in database,not in card database,accepted; the special-summon group-size gate does not apply,excluded from active outcomes: not in database,source and database/ban/overlay check,"Duel.SetOperationInfo(0,CATEGORY_HANDES,nil,0,PLAYER_ALL,1)"
6,stock,data/duel-engine-next/card-scripts/unofficial/c95200009.lua,16,95200009,,s.target,"ffa3,ffa4,tag",not in database,not in card database,accepted; the special-summon group-size gate does not apply,excluded from active outcomes: not in database,source and database/ban/overlay check,"Duel.SetOperationInfo(0,CATEGORY_TOHAND,nil,1,PLAYER_ALL,LOCATION_GRAVE)"
6,stock,data/duel-engine-next/card-scripts/unofficial/c95200010.lua,15,95200010,,s.target,"ffa3,ffa4,tag",not in database,not in card database,accepted; the special-summon group-size gate does not apply,excluded from active outcomes: not in database,source and database/ban/overlay check,"Duel.SetOperationInfo(0,CATEGORY_TODECK,nil,1,PLAYER_ALL,LOCATION_HAND)"
6,stock,data/duel-engine-next/card-scripts/unofficial/c95200010.lua,16,95200010,,s.target,"ffa3,ffa4,tag",not in database,not in card database,accepted; the special-summon group-size gate does not apply,excluded from active outcomes: not in database,source and database/ban/overlay check,"Duel.SetOperationInfo(0,CATEGORY_DRAW,nil,0,PLAYER_ALL,1)"
6,stock,data/duel-engine-next/card-scripts/official/c95200011.lua,15,95200011,,s.target,"ffa3,ffa4,tag",not in database,not in card database,accepted; the special-summon group-size gate does not apply,excluded from active outcomes: not in database,source and database/ban/overlay check,"Duel.SetOperationInfo(0,CATEGORY_RECOVER,nil,0,PLAYER_ALL,2000)"
6,stock,data/duel-engine-next/card-scripts/unofficial/c95200011.lua,15,95200011,,s.target,"ffa3,ffa4,tag",not in database,not in card database,accepted; the special-summon group-size gate does not apply,excluded from active outcomes: not in database,source and database/ban/overlay check,"Duel.SetOperationInfo(0,CATEGORY_RECOVER,nil,0,PLAYER_ALL,2000)"
6,stock,data/duel-engine-next/card-scripts/official/c95200012.lua,15,95200012,,s.target,"ffa3,ffa4,tag",not in database,not in card database,accepted; no group object,excluded from active outcomes: not in database,source and database/ban/overlay check,"Duel.SetOperationInfo(0,CATEGORY_SPECIAL_SUMMON,nil,1,PLAYER_ALL,LOCATION_GRAVE)"
6,stock,data/duel-engine-next/card-scripts/unofficial/c95200012.lua,15,95200012,,s.target,"ffa3,ffa4,tag",not in database,not in card database,accepted; no group object,excluded from active outcomes: not in database,source and database/ban/overlay check,"Duel.SetOperationInfo(0,CATEGORY_SPECIAL_SUMMON,nil,1,PLAYER_ALL,LOCATION_GRAVE)"
6,stock,data/duel-engine-next/card-scripts/official/c95200013.lua,15,95200013,,s.target,"ffa3,ffa4,tag",not in database,not in card database,accepted; the special-summon group-size gate does not apply,excluded from active outcomes: not in database,source and database/ban/overlay check,"Duel.SetOperationInfo(0,CATEGORY_DRAW,nil,0,PLAYER_ALL,1)"
6,stock,data/duel-engine-next/card-scripts/unofficial/c95200013.lua,15,95200013,,s.target,"ffa3,ffa4,tag",not in database,not in card database,accepted; the special-summon group-size gate does not apply,excluded from active outcomes: not in database,source and database/ban/overlay check,"Duel.SetOperationInfo(0,CATEGORY_DRAW,nil,0,PLAYER_ALL,1)"
6,stock,data/duel-engine-next/card-scripts/unofficial/c95200015.lua,25,95200015,,s.op,"ffa3,ffa4,tag",not in database,not in card database,not an operation-info call,excluded from active outcomes: not in database,source and database/ban/overlay check,local p=PLAYER_ALL
6,stock,data/duel-engine-next/card-scripts/unofficial/c95200015.lua,33,95200015,,s.op,"ffa3,ffa4,tag",not in database,not in card database,not an operation-info call,excluded from active outcomes: not in database,source and database/ban/overlay check,if p~=PLAYER_ALL then
6,stock,data/duel-engine-next/card-scripts/unofficial/c95200024.lua,19,95200024,,s.target,"ffa3,ffa4,tag",not in database,not in card database,accepted; the special-summon group-size gate does not apply,excluded from active outcomes: not in database,source and database/ban/overlay check,"Duel.SetOperationInfo(0,CATEGORY_COIN,nil,0,PLAYER_ALL,1)"
6,stock,data/duel-engine-next/card-scripts/unofficial/c95200025.lua,16,95200025,,s.target,"ffa3,ffa4,tag",not in database,not in card database,accepted; the special-summon group-size gate does not apply,excluded from active outcomes: not in database,source and database/ban/overlay check,"Duel.SetOperationInfo(0,CATEGORY_COIN,nil,0,PLAYER_ALL,1)"
6,stock,data/duel-engine-next/card-scripts/unofficial/c95200101.lua,18,95200101,,s.target,"ffa3,ffa4,tag",not in database,not in card database,accepted; no group object,excluded from active outcomes: not in database,source and database/ban/overlay check,"Duel.SetOperationInfo(0,CATEGORY_SPECIAL_SUMMON,nil,1,PLAYER_ALL,LOCATION_DECK|LOCATION_EXTRA)"
6,stock,data/duel-engine-next/card-scripts/official/c95200102.lua,18,95200102,,s.target,"ffa3,ffa4,tag",not in database,not in card database,accepted; no group object,excluded from active outcomes: not in database,source and database/ban/overlay check,"Duel.SetOperationInfo(0,CATEGORY_SPECIAL_SUMMON,nil,1,PLAYER_ALL,LOCATION_DECK|LOCATION_EXTRA)"
6,stock,data/duel-engine-next/card-scripts/unofficial/c95200102.lua,18,95200102,,s.target,"ffa3,ffa4,tag",not in database,not in card database,accepted; no group object,excluded from active outcomes: not in database,source and database/ban/overlay check,"Duel.SetOperationInfo(0,CATEGORY_SPECIAL_SUMMON,nil,1,PLAYER_ALL,LOCATION_DECK|LOCATION_EXTRA)"
6,stock,data/duel-engine-next/card-scripts/official/c99505609.lua,37,99505609,,s.destg,"ffa3,ffa4,tag",not in database,not in card database,accepted; the special-summon group-size gate does not apply,excluded from active outcomes: not in database,source and database/ban/overlay check,"Duel.SetOperationInfo(0,CATEGORY_DRAW,nil,0,PLAYER_ALL,1)"
6,overlay,packages/duel-server/domain-core/multi-scripts/c99505609.lua,9,99505609,,s.destg,"ffa3,ffa4,tag",not in database,not in card database,accepted; the special-summon group-size gate does not apply,excluded from active outcomes: not in database,source and database/ban/overlay check,"Duel.SetOperationInfo(0,CATEGORY_DRAW,nil,0,PLAYER_ALL,1)"
